id;type;name;created_at;updated_at;deleted_at;revision;device_id;status_id;reason_id;lineup_status_id;lineup_reason_id;equipment_type_id;activity_id;activity_start;size;tiedown_id;unit_id;length;height;project_id;time_late;prestart_check;warnings;hp_equipment_type_id;department_id;lineup_comment;no_auto_accept;contractor_id;repair_status_id;weight;lineup_priority_id;iconset_id;geometry_node_set_id;geometry_param_set_id;last_activity_id
1;Truck;C01;2007-05-11 19:18:59.000;2017-03-01 11:11:53.000;2013-09-09 11:00:00.000;NULL;11;1623;312;1623;NULL;1009;1376;2013-04-16 21:38:46.000;370;NULL;NULL;24;NULL;2;NULL;NULL;946;NULL;NULL;C01;NULL;NULL;NULL;NULL;NULL;NULL;NULL;NULL;NULL
2;Truck;C02;2007-05-11 19:20:46.000;2017-03-01 11:11:53.000;2014-01-07 21:51:45.000;NULL;12;1623;312;1623;NULL;1009;1376;2013-12-29 15:34:04.000;370;NULL;NULL;24;NULL;2;NULL;NULL;946;NULL;NULL;C02;NULL;NULL;NULL;NULL;NULL;NULL;NULL;NULL;NULL
3;Truck;C03;2007-05-11 19:21:06.000;2017-03-01 11:11:53.000;2014-05-08 16:27:13.000;NULL;13;1623;312;1623;NULL;1009;1376;2014-05-08 14:00:39.000;370;NULL;NULL;24;NULL;2;NULL;NULL;null,1546,946;NULL;NULL;C03;NULL;NULL;NULL;NULL;NULL;NULL;NULL;NULL;NULL
4;Truck;C04;2007-05-11 19:21:11.000;2017-03-01 11:11:53.000;2014-05-08 16:27:34.000;NULL;14;1623;312;1623;NULL;1009;1376;2014-04-24 04:52:01.000;370;NULL;NULL;24;NULL;2;NULL;NULL;null,946;NULL;NULL;C04;NULL;NULL;NULL;NULL;NULL;NULL;NULL;NULL;NULL
5;Truck;C05;2007-05-11 19:21:15.000;2017-03-01 11:11:53.000;2014-05-08 16:28:02.000;NULL;15;1623;312;1623;NULL;1009;1376;2014-05-08 14:45:44.000;370;NULL;NULL;24;NULL;2;NULL;NULL;"""""";NULL;NULL;C05;NULL;NULL;NULL;NULL;NULL;NULL;NULL;NULL;NULL
6;Truck;C06;2007-05-11 19:21:19.000;2017-03-01 11:11:53.000;2014-05-08 16:28:32.000;NULL;16;1623;312;1623;NULL;1009;1376;2014-05-08 14:07:33.000;370;NULL;NULL;24;NULL;2;NULL;NULL;null,1546,946,1020;NULL;NULL;C06;NULL;NULL;NULL;NULL;NULL;NULL;NULL;NULL;NULL
7;Truck;C07;2007-05-11 19:21:23.000;2024-01-30 23:03:20.000;NULL;NULL;17;1327;442;1193;NULL;994;955;2024-01-30 23:00:30.000;345;25023;NULL;24;NULL;2;2024-01-30 23:29:40.000;1;"""""";NULL;NULL;NULL;NULL;3449;NULL;NULL;2488;NULL;NULL;NULL;1258
8;Truck;C08;2007-05-11 19:21:27.000;2024-01-30 22:54:22.000;NULL;NULL;18;1193;381;1572;NULL;994;1376;2024-01-30 22:54:15.000;345;17997;NULL;24;NULL;2;NULL;NULL;"""""";NULL;NULL;NULL;NULL;3449;NULL;NULL;2488;NULL;NULL;NULL;NULL
9;Truck;C09;2007-05-11 19:21:31.000;2024-01-30 22:59:54.000;NULL;NULL;19;1327;442;1572;NULL;994;955;2024-01-30 22:59:52.000;345;17997;NULL;24;NULL;2;NULL;1;946,1443;NULL;NULL;NULL;NULL;3449;NULL;NULL;2488;NULL;NULL;NULL;1258
10;Truck;C10;2007-05-11 19:21:36.000;2024-01-30 23:06:50.000;NULL;NULL;20;1327;442;1572;NULL;994;955;2024-01-30 22:47:03.000;345;17997;NULL;24;NULL;2;2024-01-30 23:10:29.000;1;946,1427;NULL;NULL;NULL;NULL;3449;NULL;NULL;2488;NULL;NULL;NULL;1588
11;Truck;C11;2007-05-11 19:21:54.000;2024-01-30 23:07:47.000;NULL;NULL;21;1327;442;1572;NULL;994;1258;2024-01-30 23:01:30.000;345;31413;NULL;24;NULL;2;2024-01-30 23:14:48.000;1;1052,946,1160;NULL;NULL;NULL;NULL;3449;NULL;NULL;2488;NULL;NULL;NULL;1226
12;Truck;C12;2007-05-11 19:21:57.000;2024-01-30 23:06:27.000;NULL;NULL;22;1327;442;1572;NULL;994;955;2024-01-30 22:52:56.000;345;32733;NULL;24;NULL;2;2024-01-30 23:21:18.000;1;946;NULL;NULL;NULL;NULL;3449;NULL;NULL;2488;NULL;NULL;NULL;1588
13;Truck;C13;2007-05-11 19:22:00.000;2024-01-30 23:07:34.000;NULL;NULL;23;1327;593;1572;NULL;994;955;2024-01-30 22:57:21.000;345;25023;NULL;24;NULL;2;2024-01-30 23:26:14.000;1;"""""";NULL;NULL;NULL;NULL;3449;NULL;NULL;2488;NULL;NULL;NULL;1258
14;Truck;C14;2007-05-11 19:22:03.000;2024-01-30 23:08:15.000;NULL;NULL;24;1327;442;1572;NULL;994;955;2024-01-30 22:48:36.000;345;11959;NULL;24;NULL;2;2024-01-30 23:17:42.000;NULL;1427;NULL;NULL;NULL;NULL;3449;NULL;NULL;2488;NULL;NULL;NULL;1258
15;Truck;C15;2007-05-11 19:22:07.000;2024-01-30 23:07:55.000;NULL;NULL;25;1327;442;1572;NULL;994;955;2024-01-30 22:45:42.000;345;17997;NULL;24;NULL;2;2024-01-30 23:13:29.000;1;"""""";NULL;NULL;NULL;NULL;3449;NULL;NULL;2488;NULL;NULL;NULL;925
16;Truck;C16;2007-05-11 19:22:11.000;2024-01-30 22:51:45.000;NULL;NULL;26;1327;442;1572;NULL;994;955;2024-01-30 22:51:05.000;345;11959;NULL;24;NULL;2;NULL;1;946,1427,1443;NULL;NULL;NULL;NULL;3449;NULL;NULL;2488;NULL;NULL;NULL;NULL
17;WaterTruck;CR1;2007-05-11 19:23:23.000;2024-01-30 20:25:42.000;NULL;NULL;27;1193;476;1572;NULL;1186;1376;2024-01-30 07:18:27.000;75000;NULL;NULL;20;NULL;16;NULL;1;1052;NULL;NULL;NULL;NULL;3449;NULL;NULL;2487;NULL;NULL;NULL;2292
18;WaterTruck;CR2;2007-05-11 19:23:28.000;2024-01-30 19:37:58.000;NULL;NULL;28;1623;444;1623;NULL;1186;1376;2024-01-10 23:22:31.000;75000;NULL;NULL;20;NULL;16;NULL;1;"""""";NULL;NULL;NULL;NULL;3449;NULL;NULL;2487;NULL;NULL;NULL;2292
19;Dozer;RD001;2007-05-11 19:24:39.000;2017-03-01 11:11:53.000;2008-10-11 23:52:41.000;NULL;29;1327;2;NULL;NULL;1150;1105;2008-10-08 10:15:44.000;NULL;NULL;NULL;NULL;NULL;4;2008-10-08 10:15:44.000;NULL;"""""";NULL;NULL;RD001;NULL;NULL;NULL;NULL;NULL;NULL;NULL;NULL;NULL
20;Dozer;TO1;2007-05-11 19:24:51.000;2024-01-30 15:26:39.000;NULL;NULL;30;1572;352;1327;NULL;1980;1376;2024-01-30 08:17:04.000;NULL;NULL;NULL;NULL;NULL;17;NULL;NULL;"""""";NULL;NULL;NULL;NULL;3449;NULL;NULL;2488;NULL;NULL;NULL;1927
21;Dozer;TO2;2007-05-11 19:24:54.000;2024-01-29 03:20:09.000;NULL;NULL;31;1623;444;1623;NULL;1174;1928;2024-01-15 15:44:46.000;NULL;NULL;NULL;NULL;NULL;18;NULL;1;995;NULL;NULL;NULL;NULL;3449;NULL;NULL;2488;NULL;NULL;NULL;1258
22;Dozer;TO3;2007-05-11 19:24:58.000;2024-01-30 20:38:16.000;NULL;NULL;32;1327;442;1327;NULL;1174;1928;2024-01-22 23:46:49.000;NULL;NULL;NULL;NULL;NULL;17;2024-01-22 23:46:49.000;1;995;NULL;NULL;NULL;NULL;3449;NULL;NULL;2488;NULL;NULL;NULL;NULL
23;Dozer;TO4;2007-05-11 19:25:05.000;2024-01-30 22:27:45.000;NULL;NULL;33;1327;442;1327;NULL;1980;1927;2024-01-30 05:58:43.000;NULL;NULL;NULL;NULL;NULL;17;NULL;1;"""""";NULL;NULL;NULL;NULL;3449;NULL;NULL;2488;NULL;NULL;NULL;1928
24;Dozer;WD1;2007-05-11 19:25:17.000;2024-01-25 21:40:48.000;NULL;NULL;34;1193;537;1193;NULL;1150;1376;2024-01-14 06:17:06.000;NULL;NULL;NULL;NULL;NULL;13;NULL;NULL;995;NULL;NULL;NULL;NULL;3449;NULL;NULL;2489;NULL;NULL;NULL;1258
26;Grader;MT01;2007-05-11 21:24:41.000;2023-10-24 00:27:51.000;NULL;NULL;36;1623;444;1623;NULL;1111;1376;2023-01-04 18:27:05.000;NULL;NULL;NULL;NULL;NULL;6;NULL;NULL;1443;NULL;NULL;NULL;NULL;3449;NULL;NULL;NULL;NULL;NULL;NULL;1105
27;Grader;MT02;2007-05-11 21:24:50.000;2024-01-30 19:51:42.000;NULL;NULL;37;1193;382;1327;NULL;1125;1376;2024-01-29 02:13:42.000;NULL;NULL;NULL;NULL;NULL;5;NULL;NULL;"""""";NULL;NULL;NULL;NULL;3449;NULL;NULL;NULL;NULL;NULL;NULL;1376
28;Grader;MT03;2007-05-11 21:24:54.000;2024-01-30 22:56:02.000;NULL;NULL;38;1327;442;1327;NULL;1125;1928;2024-01-30 22:56:02.000;NULL;NULL;NULL;NULL;NULL;13;NULL;1;1052,995;NULL;NULL;NULL;NULL;3449;NULL;NULL;NULL;NULL;NULL;NULL;1105
29;Grader;MT04;2007-05-11 21:25:11.000;2024-01-27 18:13:06.000;NULL;NULL;39;1623;444;1623;NULL;1125;1376;2024-01-10 20:30:35.000;NULL;NULL;NULL;NULL;NULL;22;NULL;1;1052,1443,995;NULL;NULL;NULL;NULL;3449;NULL;NULL;NULL;NULL;NULL;NULL;1105
30;Shovel;PA1;2007-07-27 17:22:32.000;2024-01-30 23:06:23.000;NULL;NULL;40;1327;535;1572;NULL;1055;1588;2024-01-30 23:06:12.000;100;10977;NULL;45;NULL;1;2024-01-30 23:08:49.000;1;"""""";1870;NULL;NULL;NULL;3449;NULL;NULL;2488;NULL;NULL;NULL;924
31;Shovel;PA2;2007-07-27 17:22:36.000;2024-01-30 23:07:48.000;NULL;NULL;41;1327;534;1327;NULL;1055;924;2024-01-30 23:07:48.000;100;30894;NULL;45;NULL;1;NULL;1;"""""";1870;NULL;NULL;NULL;3449;NULL;NULL;2489;NULL;NULL;NULL;NULL
32;Shovel;PA3;2007-07-27 17:22:38.000;2024-01-30 23:07:21.000;NULL;NULL;42;1327;534;1572;NULL;1055;1588;2024-01-30 23:07:20.000;100;10977;NULL;45;NULL;1;2024-01-30 23:09:55.000;1;"""""";1871;NULL;NULL;NULL;3449;NULL;NULL;2489;NULL;NULL;NULL;1588
36;Truck;C17;2007-10-30 16:29:47.000;2024-01-30 22:38:43.000;NULL;NULL;46;1193;381;1327;NULL;2125;1376;2024-01-30 22:38:42.000;343,8330078;11959;NULL;24;NULL;2;NULL;NULL;1020;NULL;NULL;NULL;NULL;3449;NULL;NULL;2489;NULL;NULL;NULL;1588
37;Truck;C18;2007-10-30 16:31:23.000;2024-01-30 23:05:29.000;NULL;NULL;47;1327;442;1327;NULL;2125;955;2024-01-30 22:55:53.000;343,8330078;17997;NULL;24;NULL;2;2024-01-30 23:22:52.000;1;946;NULL;NULL;NULL;NULL;3449;NULL;NULL;2489;NULL;NULL;NULL;956
38;Truck;C19;2007-10-30 16:31:24.000;2024-01-30 22:33:02.000;NULL;NULL;48;1193;381;1572;NULL;2125;1376;2024-01-30 22:33:00.000;343,8330078;25023;NULL;24;NULL;2;NULL;NULL;"""""";NULL;NULL;NULL;NULL;3449;NULL;NULL;2489;NULL;NULL;NULL;956
39;Truck;C20;2007-10-30 16:31:25.000;2024-01-30 23:07:25.000;NULL;NULL;49;1327;442;1327;NULL;2125;1190;2024-01-30 23:07:25.000;343,8330078;11959;NULL;24;NULL;2;2024-01-30 23:08:43.000;1;1427;NULL;NULL;NULL;NULL;3449;NULL;NULL;2489;NULL;NULL;NULL;956
40;Truck;C21;2007-10-30 16:31:26.000;2024-01-30 21:02:44.000;NULL;NULL;50;1193;381;1327;NULL;2125;1376;2024-01-30 20:09:09.000;343,8330078;11959;NULL;24;NULL;2;NULL;NULL;1020;NULL;NULL;NULL;NULL;3449;NULL;NULL;2489;NULL;NULL;NULL;1588
41;Truck;C22;2007-10-30 16:31:27.000;2024-01-30 20:48:05.000;NULL;NULL;51;1193;381;1193;NULL;2125;1376;2024-01-30 06:50:27.000;343,8330078;7596;NULL;24;NULL;2;NULL;NULL;946;NULL;NULL;NULL;NULL;3449;NULL;NULL;2489;NULL;NULL;NULL;1588
42;Truck;C23;2007-10-30 16:31:28.000;2024-01-30 21:23:43.000;NULL;NULL;52;1193;381;1327;NULL;2125;1376;2024-01-29 01:24:50.000;343,8330078;31413;NULL;24;NULL;2;NULL;NULL;1020;NULL;NULL;NULL;NULL;3449;NULL;NULL;2489;NULL;NULL;NULL;NULL
43;Truck;C24;2007-10-30 16:31:29.000;2024-01-30 23:05:54.000;NULL;NULL;53;1327;442;1327;NULL;2125;955;2024-01-30 23:05:09.000;343,8330078;25023;NULL;24;NULL;2;NULL;1;946,1443;NULL;NULL;NULL;NULL;3449;NULL;NULL;2489;NULL;NULL;NULL;1588
44;Truck;C25;2007-10-30 16:31:29.000;2024-01-30 21:25:58.000;NULL;NULL;54;1193;381;1327;NULL;2125;1376;2024-01-30 21:02:09.000;343,8330078;25023;NULL;24;NULL;2;NULL;NULL;"""""";NULL;NULL;NULL;NULL;3449;NULL;NULL;2489;NULL;NULL;NULL;956
45;Truck;C26;2007-10-30 16:31:30.000;2017-03-01 11:11:53.000;2016-06-28 14:47:38.000;NULL;55;1623;444;1327;NULL;2125;1376;2016-03-04 23:51:10.000;370;NULL;NULL;24;NULL;2;NULL;NULL;1546,1309,946,1020,995;NULL;NULL;C26;NULL;NULL;NULL;NULL;NULL;NULL;NULL;NULL;NULL
46;Truck;C28;2007-10-30 16:31:31.000;2017-03-01 11:11:53.000;2013-06-01 11:59:59.000;NULL;139;1623;312;1623;NULL;1009;1376;2013-04-20 07:07:02.000;370;NULL;NULL;24;NULL;2;NULL;NULL;1052,1546,946;NULL;NULL;C28;NULL;NULL;NULL;NULL;NULL;NULL;NULL;NULL;NULL
47;Dozer;WD2;2007-10-30 16:37:33.000;2024-01-30 22:46:28.000;NULL;NULL;57;1327;442;1327;NULL;1183;1927;2024-01-30 22:46:27.000;NULL;NULL;NULL;NULL;NULL;6;NULL;1;1052;NULL;NULL;NULL;NULL;3449;NULL;NULL;2489;NULL;NULL;NULL;1928
49;Dozer;WD4;2007-10-30 16:37:34.000;2024-01-30 22:26:17.000;NULL;NULL;59;1327;442;1327;NULL;1150;1927;2024-01-30 22:26:16.000;NULL;NULL;NULL;NULL;NULL;13;2024-01-30 22:26:16.000;1;"""""";NULL;NULL;NULL;NULL;3449;NULL;NULL;2489;NULL;NULL;NULL;1928
52;Loader;CF1;2007-10-30 16:37:57.000;2017-03-01 11:11:53.000;2016-06-28 14:50:40.000;NULL;62;1623;444;1193;NULL;901;1376;2015-10-27 00:32:38.000;21;NULL;NULL;30;NULL;1;NULL;NULL;"""""";NULL;NULL;CF1;NULL;NULL;NULL;NULL;NULL;NULL;NULL;NULL;NULL
54;WaterTruck;WT003;2007-10-30 16:38:07.000;2017-03-01 11:11:53.000;2008-11-01 21:19:05.000;NULL;64;1327;2;NULL;NULL;1186;1105;2008-09-08 07:25:09.000;NULL;NULL;NULL;NULL;NULL;4;2008-09-08 07:25:09.000;NULL;NULL;NULL;NULL;WT003;NULL;NULL;NULL;NULL;NULL;NULL;NULL;NULL;NULL
55;Drill;PE1;2007-10-30 16:38:18.000;2024-01-30 19:42:54.000;NULL;NULL;65;1572;356;1193;NULL;1775;1376;2024-01-30 15:34:05.000;NULL;NULL;NULL;NULL;NULL;3;NULL;NULL;"""""";NULL;NULL;NULL;NULL;3449;NULL;NULL;NULL;NULL;NULL;NULL;NULL
56;Drill;PE2;2007-10-30 16:38:19.000;2020-01-15 02:35:20.000;2020-01-15 02:35:20.000;NULL;66;1623;444;1572;NULL;903;1376;2016-07-12 10:22:16.000;NULL;NULL;1382;NULL;NULL;3;NULL;NULL;"""""";NULL;NULL;NULL;NULL;3449;NULL;NULL;NULL;NULL;NULL;NULL;NULL
57;Drill;PE3;2007-10-30 16:38:19.000;2024-01-30 22:55:00.000;NULL;NULL;67;1572;571;1327;NULL;903;1627;2024-01-30 12:47:05.000;NULL;NULL;NULL;NULL;NULL;3;NULL;1;"""""";NULL;NULL;NULL;NULL;3449;NULL;NULL;NULL;NULL;NULL;NULL;NULL
58;Drill;PE4;2007-10-30 16:38:20.000;2024-01-30 12:14:34.000;NULL;NULL;68;1572;571;1572;NULL;903;1627;2024-01-30 12:14:30.000;NULL;NULL;NULL;NULL;NULL;3;NULL;1;"""""";NULL;NULL;NULL;NULL;3449;NULL;NULL;NULL;NULL;NULL;NULL;1922
59;Drill;TD005;2007-10-30 16:38:20.000;2017-03-01 11:11:53.000;2008-10-11 23:53:38.000;NULL;69;1327;2;NULL;NULL;1775;1627;2008-10-08 18:54:27.000;NULL;NULL;NULL;NULL;NULL;3;2008-10-08 18:54:27.000;NULL;"""""";NULL;NULL;TD005;NULL;NULL;NULL;NULL;NULL;NULL;NULL;NULL;NULL
60;Drill;TD006;2007-10-30 16:38:21.000;2017-03-01 11:11:53.000;2008-10-11 23:53:44.000;NULL;70;1327;2;NULL;NULL;1775;1627;2008-10-07 17:47:06.000;NULL;NULL;NULL;NULL;NULL;3;2008-10-07 17:47:06.000;NULL;"""""";NULL;NULL;TD006;NULL;NULL;NULL;NULL;NULL;NULL;NULL;NULL;NULL
61;Drill;TD007;2007-10-30 16:38:21.000;2017-03-01 11:11:53.000;2008-10-11 23:53:48.000;NULL;71;1327;2;NULL;NULL;1775;1627;2008-10-08 20:28:23.000;NULL;NULL;NULL;NULL;NULL;3;2008-10-08 20:28:23.000;NULL;"""""";NULL;NULL;TD007;NULL;NULL;NULL;NULL;NULL;NULL;NULL;NULL;NULL
62;Drill;TD008;2007-10-30 16:38:22.000;2017-03-01 11:11:53.000;2008-10-11 23:53:51.000;NULL;72;1327;2;NULL;NULL;1775;1627;2008-10-08 21:13:21.000;NULL;NULL;NULL;NULL;NULL;3;2008-10-08 21:13:21.000;NULL;"""""";NULL;NULL;TD008;NULL;NULL;NULL;NULL;NULL;NULL;NULL;NULL;NULL
63;ForemanTruck;LV001;2007-12-10 10:02:44.000;2017-03-01 11:11:53.000;2013-12-30 18:57:44.000;NULL;75;1327;2;1327;NULL;1818;1105;2008-10-07 16:32:45.000;NULL;NULL;NULL;NULL;NULL;4;2008-10-07 16:32:45.000;NULL;1380;NULL;NULL;LV001;NULL;NULL;NULL;NULL;NULL;NULL;NULL;NULL;NULL
64;ForemanTruck;LV002;2007-12-10 10:07:55.000;2017-03-01 11:11:53.000;2008-10-11 23:52:22.000;NULL;76;1327;2;NULL;NULL;1818;1105;2008-03-16 08:43:28.000;NULL;NULL;NULL;NULL;NULL;4;2008-03-16 08:43:28.000;NULL;NULL;NULL;NULL;LV002;NULL;NULL;NULL;NULL;NULL;NULL;NULL;NULL;NULL
65;ForemanTruck;LV003;2007-12-10 10:08:11.000;2017-03-01 11:11:53.000;2008-10-11 23:52:26.000;NULL;77;1327;2;NULL;NULL;1818;1105;2008-06-15 17:45:07.000;NULL;NULL;NULL;NULL;NULL;4;2008-06-15 17:45:07.000;NULL;NULL;NULL;NULL;LV003;NULL;NULL;NULL;NULL;NULL;NULL;NULL;NULL;NULL
66;ForemanTruck;LV004;2007-12-10 10:08:37.000;2017-03-01 11:11:53.000;2008-10-11 23:52:30.000;NULL;78;NULL;NULL;NULL;NULL;1818;NULL;NULL;NULL;NULL;NULL;NULL;NULL;4;NULL;NULL;NULL;NULL;NULL;LV004;NULL;NULL;NULL;NULL;NULL;NULL;NULL;NULL;NULL
67;ForemanTruck;LV005;2007-12-10 10:08:45.000;2017-03-01 11:11:53.000;2008-10-11 23:52:33.000;NULL;79;NULL;NULL;NULL;NULL;1818;NULL;NULL;NULL;NULL;NULL;NULL;NULL;4;NULL;NULL;NULL;NULL;NULL;LV005;NULL;NULL;NULL;NULL;NULL;NULL;NULL;NULL;NULL
68;Drill;TD009;2007-12-16 16:32:59.000;2017-03-01 11:11:53.000;2008-10-11 23:53:55.000;NULL;82;1327;2;NULL;NULL;1775;1627;2008-10-08 21:19:39.000;NULL;NULL;NULL;NULL;NULL;3;2008-10-08 21:19:39.000;NULL;"""""";NULL;NULL;TD009;NULL;NULL;NULL;NULL;NULL;NULL;NULL;NULL;NULL
69;AuxEquipment;CM001;2008-06-02 12:43:59.000;2017-03-01 11:11:53.000;2013-12-30 18:57:57.000;NULL;88;1623;252;1623;NULL;NULL;1376;2013-09-12 22:59:01.000;NULL;NULL;NULL;NULL;NULL;4;NULL;NULL;NULL;NULL;NULL;CM001;NULL;NULL;NULL;NULL;NULL;NULL;NULL;NULL;NULL
79;Truck;C29;2008-09-08 14:34:40.000;2017-03-01 11:11:53.000;2013-09-01 04:00:00.000;NULL;155;1623;312;1193;NULL;1009;1376;2013-08-28 23:51:33.000;370;NULL;NULL;24;NULL;2;NULL;NULL;1052,946,1380;NULL;NULL;C29;NULL;NULL;NULL;NULL;NULL;NULL;NULL;NULL;NULL
80;Dozer;WD3;2008-10-24 13:00:04.000;2024-01-30 22:07:52.000;NULL;NULL;58;1327;442;1327;NULL;1183;1258;2024-01-30 16:54:00.000;NULL;NULL;NULL;NULL;NULL;6;2024-01-30 16:54:00.000;1;1443;NULL;NULL;NULL;NULL;3449;NULL;NULL;2489;NULL;NULL;NULL;NULL
81;Dozer;WD5;2008-10-27 22:06:11.000;2024-01-30 19:55:22.000;NULL;NULL;60;1193;382;1193;NULL;1183;1376;2024-01-27 06:14:00.000;NULL;NULL;NULL;NULL;NULL;6;NULL;NULL;"""""";NULL;NULL;NULL;NULL;3449;NULL;NULL;2489;NULL;NULL;NULL;1927
83;WaterTruck;CR3;2009-09-10 01:10:12.000;2024-01-30 23:07:44.000;NULL;NULL;115;1327;442;1572;NULL;1186;1939;2024-01-30 23:07:41.000;75000;NULL;NULL;20;NULL;16;NULL;1;"""""";NULL;NULL;NULL;NULL;3449;NULL;NULL;2487;NULL;NULL;NULL;2290
84;Drill;PE5;2010-03-01 14:31:58.000;2024-01-30 22:28:19.000;NULL;NULL;121;1572;572;1572;NULL;1775;1627;2024-01-30 10:11:40.000;NULL;NULL;NULL;NULL;NULL;3;NULL;1;"""""";NULL;NULL;NULL;NULL;3449;NULL;NULL;NULL;NULL;NULL;NULL;1627
85;Shovel;PA4;2010-07-01 14:25:09.000;2024-01-30 21:30:10.000;NULL;NULL;43;1193;381;1572;NULL;2126;1166;2024-01-30 21:30:10.000;75;27684;NULL;35;NULL;1;NULL;NULL;"""""";NULL;NULL;NULL;NULL;3449;NULL;NULL;2488;NULL;NULL;NULL;NULL
86;Drill;PE6;2010-07-08 12:26:18.000;2024-01-30 17:30:25.000;NULL;NULL;126;1572;572;1572;NULL;903;1376;2024-01-29 01:55:09.000;NULL;NULL;NULL;NULL;NULL;3;NULL;NULL;"""""";NULL;NULL;NULL;NULL;3449;NULL;NULL;NULL;NULL;NULL;NULL;1627
87;AuxEquipment;CF9801;2010-08-18 22:36:28.000;2023-08-31 05:23:03.000;NULL;NULL;127;1327;442;1327;NULL;2133;1105;2023-03-23 13:03:03.000;NULL;NULL;NULL;NULL;NULL;15;2023-03-23 13:03:03.000;NULL;1601;NULL;NULL;NULL;NULL;3449;NULL;NULL;NULL;NULL;NULL;NULL;NULL
88;AuxEquipment;CF9802;2010-08-18 22:39:40.000;2023-08-15 12:53:07.000;NULL;NULL;128;1327;442;1327;NULL;2133;1105;2023-02-24 17:08:11.000;NULL;NULL;NULL;NULL;NULL;15;2023-02-24 17:08:11.000;NULL;1601;NULL;NULL;NULL;NULL;3449;NULL;NULL;NULL;NULL;NULL;NULL;NULL
89;AuxEquipment;RE1;2010-08-18 22:40:30.000;2017-03-01 11:11:53.000;2016-06-28 14:49:55.000;NULL;129;1193;431;1193;NULL;1344;1376;2014-01-14 12:29:26.000;NULL;NULL;NULL;NULL;NULL;15;NULL;NULL;NULL;NULL;NULL;RE1;NULL;NULL;NULL;NULL;NULL;NULL;NULL;NULL;NULL
90;Manbus;M1;2010-08-27 17:17:43.000;2017-03-01 11:11:53.000;2010-08-27 17:18:04.000;NULL;130;NULL;NULL;NULL;NULL;NULL;NULL;NULL;NULL;NULL;NULL;NULL;NULL;NULL;NULL;NULL;NULL;NULL;NULL;M1;NULL;NULL;NULL;NULL;NULL;NULL;NULL;NULL;NULL
91;Manbus;BUS 1;2010-08-27 18:26:49.000;2017-03-01 11:11:53.000;2015-07-08 20:27:40.000;NULL;131;NULL;NULL;NULL;NULL;NULL;NULL;NULL;NULL;NULL;NULL;NULL;NULL;NULL;NULL;NULL;NULL;NULL;NULL;BUS 1;NULL;NULL;NULL;NULL;NULL;NULL;NULL;NULL;NULL
92;Manbus;BUS 2;2010-08-27 18:27:03.000;2017-03-01 11:11:53.000;2015-07-08 20:27:46.000;NULL;132;NULL;NULL;NULL;NULL;NULL;NULL;NULL;NULL;NULL;NULL;NULL;NULL;NULL;NULL;NULL;NULL;NULL;NULL;BUS 2;NULL;NULL;NULL;NULL;NULL;NULL;NULL;NULL;NULL
93;Manbus;BUS 3;2010-08-27 18:27:19.000;2017-03-01 11:11:53.000;2015-07-08 20:27:52.000;NULL;133;NULL;NULL;NULL;NULL;NULL;NULL;NULL;NULL;NULL;NULL;NULL;NULL;NULL;NULL;NULL;NULL;NULL;NULL;BUS 3;NULL;NULL;NULL;NULL;NULL;NULL;NULL;NULL;NULL
94;Dozer;TO5;2010-10-30 14:04:10.000;2024-01-30 22:33:19.000;NULL;NULL;137;1327;442;1327;NULL;1174;1258;2024-01-30 10:54:43.000;NULL;NULL;NULL;NULL;NULL;31;2024-01-30 10:54:43.000;1;995;NULL;NULL;NULL;NULL;3449;NULL;NULL;2488;NULL;NULL;NULL;1258
95;Dozer;TO6;2010-11-02 16:04:24.000;2024-01-30 08:54:45.000;NULL;NULL;136;1193;381;1193;NULL;1174;1376;2024-01-29 13:13:41.000;NULL;NULL;NULL;NULL;NULL;15;NULL;NULL;"""""";NULL;NULL;NULL;NULL;3449;NULL;NULL;2488;NULL;NULL;NULL;1258
96;Shovel;PA5;2010-12-03 22:00:02.000;2023-11-29 18:09:23.000;NULL;NULL;142;1623;444;1623;NULL;2126;1376;2023-11-29 18:09:22.000;75;NULL;NULL;35;NULL;1;NULL;NULL;"""""";NULL;NULL;NULL;NULL;3449;NULL;NULL;NULL;NULL;NULL;NULL;NULL
97;Drill;PE7;2010-12-21 16:33:17.000;2018-12-18 19:37:57.000;2018-12-18 19:41:17.000;NULL;143;1572;475;1193;NULL;2132;1376;2018-12-10 06:34:30.000;NULL;NULL;NULL;NULL;NULL;3;NULL;NULL;"""""";NULL;NULL;NULL;NULL;3449;NULL;NULL;NULL;NULL;NULL;NULL;NULL
98;AuxEquipment;EXC1365L;2010-12-23 18:44:54.000;2017-03-01 11:11:53.000;2010-12-23 18:51:04.000;NULL;144;NULL;NULL;NULL;NULL;1344;NULL;NULL;NULL;NULL;NULL;NULL;NULL;NULL;NULL;NULL;NULL;NULL;NULL;EXC1365L;NULL;NULL;NULL;NULL;NULL;NULL;NULL;NULL;NULL
99;Dozer;980-1;2010-12-23 18:45:27.000;2017-03-01 11:11:53.000;2010-12-23 19:02:14.000;NULL;145;1623;252;NULL;NULL;2133;1376;2010-12-23 19:00:52.000;NULL;NULL;NULL;NULL;NULL;17;NULL;NULL;NULL;NULL;NULL;980-1;NULL;NULL;NULL;NULL;NULL;NULL;NULL;NULL;NULL
100;Drill;980-2;2010-12-23 18:45:52.000;2017-03-06 13:53:41.000;2010-12-23 18:50:55.000;NULL;146;NULL;NULL;NULL;NULL;2133;NULL;NULL;NULL;NULL;NULL;NULL;NULL;NULL;NULL;NULL;NULL;NULL;NULL;980-2;NULL;NULL;NULL;NULL;NULL;NULL;NULL;NULL;NULL
101;Dozer;EXC1365L;2010-12-23 18:54:44.000;2017-03-01 11:11:53.000;2010-12-23 19:02:28.000;NULL;144;1623;252;NULL;NULL;1344;1376;2010-12-23 19:01:37.000;NULL;NULL;NULL;NULL;NULL;17;NULL;NULL;NULL;NULL;NULL;EXC1365L;NULL;NULL;NULL;NULL;NULL;NULL;NULL;NULL;NULL
102;AuxEquipment;EXCAVADORA;2010-12-23 18:57:45.000;2017-03-01 11:11:53.000;2010-12-23 18:58:23.000;NULL;144;NULL;NULL;NULL;NULL;1344;NULL;NULL;NULL;NULL;NULL;NULL;NULL;NULL;NULL;NULL;NULL;NULL;NULL;EXCAVADORA;NULL;NULL;NULL;NULL;NULL;NULL;NULL;NULL;NULL
103;Dozer;908-2;2010-12-23 18:59:30.000;2017-03-01 11:11:53.000;2010-12-23 19:02:09.000;NULL;146;NULL;NULL;NULL;NULL;2133;NULL;NULL;NULL;NULL;NULL;NULL;NULL;17;NULL;NULL;NULL;NULL;NULL;908-2;NULL;NULL;NULL;NULL;NULL;NULL;NULL;NULL;NULL
104;Truck;C27;2011-01-04 13:11:27.000;2017-03-01 11:11:53.000;2013-06-01 11:59:59.000;NULL;138;1623;312;1623;NULL;1009;1376;2013-04-16 19:12:26.000;370;NULL;NULL;24;NULL;2;NULL;NULL;"""""";NULL;NULL;C27;NULL;NULL;NULL;NULL;NULL;NULL;NULL;NULL;NULL
105;Truck;C30;2011-01-05 23:25:25.000;2017-03-01 11:11:53.000;2013-09-01 04:00:00.000;NULL;172;1623;312;1327;NULL;1009;1376;2013-08-01 11:51:03.000;370;NULL;NULL;24;NULL;2;NULL;NULL;946;NULL;NULL;C30;NULL;NULL;NULL;NULL;NULL;NULL;NULL;NULL;NULL
106;Truck;C31;2011-01-05 23:28:03.000;2017-03-01 11:11:53.000;2013-09-01 04:00:00.000;NULL;169;1623;312;1193;NULL;1009;1376;2013-07-31 07:58:10.000;370;NULL;NULL;24;NULL;2;NULL;NULL;946;NULL;NULL;C31;NULL;NULL;NULL;NULL;NULL;NULL;NULL;NULL;NULL
107;Truck;C32;2011-01-05 23:29:05.000;2024-01-30 23:07:40.000;NULL;NULL;149;1327;442;1572;NULL;2125;955;2024-01-30 22:53:49.000;343,8330078;17997;NULL;24;NULL;2;2024-01-30 23:20:44.000;1;"""""";NULL;NULL;NULL;NULL;3449;NULL;NULL;2489;NULL;NULL;NULL;1226
108;CrusherBay;CHANCADO;2011-01-11 12:06:21.000;2024-01-29 04:22:57.000;NULL;NULL;153;1327;442;1193;NULL;2427;1105;2024-01-29 04:22:55.000;150000;NULL;NULL;NULL;NULL;NULL;2024-01-29 04:22:55.000;NULL;NULL;NULL;NULL;NULL;NULL;NULL;NULL;NULL;2489;NULL;NULL;NULL;NULL
109;Drill;PE8;2011-06-17 23:25:55.000;2024-01-30 22:40:23.000;NULL;NULL;170;1572;572;1327;NULL;1775;1627;2024-01-30 09:49:13.000;NULL;NULL;NULL;NULL;NULL;3;NULL;1;"""""";NULL;NULL;NULL;NULL;3449;NULL;NULL;NULL;NULL;NULL;NULL;NULL
110;Truck;C33;2011-12-12 13:52:53.000;2017-03-01 11:11:53.000;2015-03-10 11:19:39.000;NULL;174;1623;444;1193;NULL;2147;1376;2013-12-27 14:19:15.000;370;NULL;NULL;24;NULL;2;NULL;NULL;1052,1380;NULL;NULL;C33;NULL;NULL;NULL;NULL;NULL;NULL;NULL;NULL;NULL
114;Truck;C34;2012-02-09 01:55:02.000;2024-01-30 23:07:54.000;NULL;NULL;175;1327;442;1327;NULL;2125;955;2024-01-30 22:48:01.000;343,8330078;31413;NULL;24;NULL;2;2024-01-30 23:14:26.000;1;946;NULL;NULL;NULL;NULL;3449;NULL;NULL;2489;NULL;NULL;NULL;1588
116;Drill;PE10;2012-08-02 15:41:09.000;2024-01-30 22:50:35.000;NULL;NULL;189;1572;362;1572;NULL;903;1627;2024-01-30 22:50:28.000;NULL;NULL;NULL;NULL;NULL;3;NULL;1;"""""";NULL;NULL;NULL;NULL;3449;NULL;NULL;NULL;NULL;NULL;NULL;NULL
117;Drill;PE9;2012-08-20 18:58:00.000;2018-12-18 19:42:26.000;2018-12-18 19:45:46.000;NULL;190;1572;377;1327;NULL;2132;1627;2018-12-10 17:39:50.000;NULL;NULL;NULL;NULL;NULL;3;2018-12-17 23:15:30.000;NULL;"""""";NULL;NULL;NULL;NULL;3449;NULL;NULL;NULL;NULL;NULL;NULL;NULL
118;Truck;C35;2012-08-29 21:52:32.000;2017-03-01 11:11:53.000;2013-06-01 11:59:59.000;NULL;191;1623;312;1623;NULL;2261;1376;2013-04-10 10:24:54.000;370;NULL;NULL;24;NULL;2;NULL;NULL;"""""";NULL;NULL;C35;NULL;NULL;NULL;NULL;NULL;NULL;NULL;NULL;NULL
119;AuxEquipment;RE2;2013-02-20 19:31:07.000;2024-01-30 01:18:51.000;NULL;NULL;194;1327;442;1327;NULL;2444;1105;2024-01-19 23:43:32.000;NULL;NULL;NULL;NULL;NULL;15;2024-01-19 23:43:32.000;NULL;"""""";NULL;NULL;NULL;NULL;3449;NULL;NULL;NULL;NULL;NULL;NULL;NULL
120;Truck;C37;2013-02-28 10:34:53.000;2024-01-30 20:48:22.000;NULL;NULL;195;1193;381;1572;NULL;2125;1376;2024-01-30 18:30:46.000;343,8330078;17997;NULL;24;NULL;2;NULL;NULL;"""""";NULL;NULL;NULL;NULL;3449;NULL;NULL;2489;NULL;NULL;NULL;1258
121;Truck;C36;2013-02-28 12:32:10.000;2024-01-30 23:07:12.000;NULL;NULL;196;1327;442;1327;NULL;2125;1588;2024-01-30 23:06:57.000;343,8330078;25023;NULL;24;NULL;2;2024-01-30 23:09:32.000;1;1020;NULL;NULL;NULL;NULL;3449;NULL;NULL;2489;NULL;NULL;NULL;NULL
122;Truck;C38;2013-03-04 21:54:00.000;2024-01-30 23:07:34.000;NULL;NULL;197;1327;442;1327;NULL;2125;956;2024-01-30 23:07:32.000;343,8330078;17997;NULL;24;NULL;2;2024-01-30 23:08:25.000;1;"""""";NULL;NULL;NULL;NULL;3449;NULL;NULL;2489;NULL;NULL;NULL;1258
123;Truck;C39;2013-03-04 22:15:44.000;2024-01-30 23:08:10.000;NULL;NULL;198;1327;442;1327;NULL;2125;955;2024-01-30 22:42:37.000;343,8330078;17997;NULL;24;NULL;2;2024-01-30 23:11:14.000;1;"""""";NULL;NULL;NULL;NULL;3449;NULL;NULL;2489;NULL;NULL;NULL;1190
124;Truck;C40;2013-03-17 01:15:47.000;2024-01-30 23:06:07.000;NULL;NULL;199;1327;442;1193;NULL;2125;955;2024-01-30 22:51:33.000;343,8330078;17997;NULL;24;NULL;2;2024-01-30 23:18:07.000;1;"""""";NULL;NULL;NULL;NULL;3449;NULL;NULL;2489;NULL;NULL;NULL;NULL
125;Truck;C503;2013-03-22 22:01:58.000;2019-11-14 13:25:38.000;NULL;NULL;200;1623;444;1623;NULL;2742;1376;2017-04-06 11:38:50.000;240;NULL;NULL;12;NULL;2;NULL;NULL;"""""";NULL;NULL;NULL;NULL;3450;NULL;NULL;NULL;NULL;NULL;NULL;NULL
126;Truck;C504;2013-03-22 22:04:30.000;2021-09-01 11:05:24.000;NULL;NULL;201;1623;444;1623;NULL;2742;1376;2017-04-06 11:38:55.000;240;NULL;NULL;20;NULL;2;NULL;NULL;"""""";NULL;NULL;NULL;NULL;3450;NULL;NULL;NULL;NULL;NULL;NULL;NULL
127;Truck;C505;2013-03-26 21:09:07.000;2019-03-15 20:36:11.000;NULL;NULL;331;1623;444;1623;NULL;2742;1376;2017-04-06 11:38:52.000;240;NULL;NULL;20;NULL;2;NULL;NULL;"""""";NULL;NULL;NULL;NULL;3450;NULL;NULL;NULL;NULL;NULL;NULL;NULL
128;Loader;CF500;2013-03-28 20:11:17.000;2017-03-01 11:11:53.000;2015-04-07 20:49:56.000;NULL;333;1193;382;1193;NULL;2287;1376;2014-10-03 11:37:41.000;21;NULL;NULL;30;NULL;1;NULL;NULL;"""""";NULL;NULL;CF500;NULL;NULL;NULL;NULL;NULL;NULL;NULL;NULL;NULL
129;Truck;C41;2013-03-29 14:25:41.000;2024-01-30 23:08:16.000;NULL;NULL;334;1327;442;1572;NULL;2125;955;2024-01-30 22:39:08.000;343,8330078;31413;NULL;24;NULL;2;2024-01-30 23:05:49.000;1;1427;NULL;NULL;NULL;NULL;3449;NULL;NULL;2489;NULL;NULL;NULL;1258
130;Truck;C506;2013-03-30 03:00:09.000;2020-10-27 10:33:40.000;NULL;NULL;335;1623;444;1623;NULL;2742;1376;2020-10-27 10:33:40.000;240;NULL;NULL;12;NULL;2;NULL;NULL;"""""";NULL;NULL;NULL;NULL;3450;NULL;NULL;NULL;NULL;NULL;NULL;NULL
131;Truck;C508;2013-04-01 23:21:00.000;2019-04-02 13:17:42.000;NULL;NULL;336;1623;444;1623;NULL;2742;1376;2017-04-06 11:38:48.000;240;NULL;NULL;12;NULL;2;NULL;NULL;"""""";NULL;NULL;NULL;NULL;3450;NULL;NULL;NULL;NULL;NULL;NULL;NULL
132;Truck;C507;2013-04-02 12:29:18.000;2019-03-23 19:24:05.000;NULL;NULL;337;1623;444;1623;NULL;2742;1376;2017-04-06 11:38:51.000;240;NULL;NULL;12;NULL;2;NULL;NULL;"""""";NULL;NULL;NULL;NULL;3450;NULL;NULL;NULL;NULL;NULL;NULL;NULL
133;Truck;C42;2013-04-03 20:53:01.000;2024-01-30 23:06:15.000;NULL;NULL;338;1327;593;1193;NULL;2125;1588;2024-01-30 23:06:13.000;343,8330078;25023;NULL;24;NULL;2;2024-01-30 23:08:50.000;1;1052,1020;NULL;NULL;NULL;NULL;3449;NULL;NULL;2489;NULL;NULL;NULL;1258
134;Loader;CF501;2013-04-09 18:42:32.000;2017-03-01 11:11:53.000;2014-07-28 19:11:03.000;NULL;339;1623;312;1623;NULL;2287;1376;2013-05-01 00:10:37.000;21;NULL;NULL;30;NULL;1;NULL;NULL;"""""";NULL;NULL;CF501;NULL;NULL;NULL;NULL;NULL;NULL;NULL;NULL;NULL
135;Truck;C509;2013-04-15 16:13:49.000;2017-03-01 11:11:53.000;2015-03-22 15:23:00.000;NULL;340;1623;332;1623;NULL;2262;1376;2015-01-19 20:58:23.000;235;NULL;NULL;12;NULL;2;NULL;NULL;"""""";NULL;NULL;C509;NULL;NULL;NULL;NULL;NULL;NULL;NULL;NULL;NULL
136;Truck;C43;2013-04-23 12:03:19.000;2024-01-30 23:06:54.000;NULL;NULL;341;1327;442;1327;NULL;2125;955;2024-01-30 23:01:22.000;343,8330078;32733;NULL;24;NULL;2;2024-01-30 23:28:59.000;1;946;NULL;NULL;NULL;NULL;3449;NULL;NULL;2489;NULL;NULL;NULL;956
137;Loader;CF502;2013-04-30 16:30:36.000;2017-03-01 11:11:53.000;2014-07-28 19:11:11.000;NULL;342;1623;312;1623;NULL;2287;1376;2013-10-11 10:51:54.000;21;NULL;NULL;30;NULL;1;NULL;NULL;"""""";NULL;NULL;CF502;NULL;NULL;NULL;NULL;NULL;NULL;NULL;NULL;NULL
138;Truck;C44;2013-05-06 21:11:35.000;2024-01-30 21:35:17.000;NULL;NULL;343;1193;669;1327;NULL;2125;1376;2024-01-30 20:40:53.000;343,8330078;7596;NULL;24;NULL;2;NULL;NULL;1379,1020;NULL;NULL;NULL;NULL;3449;NULL;NULL;2489;NULL;NULL;NULL;1226
139;Truck;C513;2013-05-07 12:58:22.000;2019-03-25 10:22:13.000;NULL;NULL;344;1623;444;1623;NULL;2742;1376;2017-04-06 11:36:36.000;240;NULL;NULL;12;NULL;2;NULL;NULL;"""""";NULL;NULL;NULL;NULL;3450;NULL;NULL;NULL;NULL;NULL;NULL;NULL
140;Truck;C45;2013-05-07 16:39:07.000;2024-01-30 23:07:41.000;NULL;NULL;345;1327;442;1327;NULL;2125;955;2024-01-30 23:04:19.000;343,8330078;35975;NULL;24;NULL;2;2024-01-30 23:30:19.000;1;946,1427;NULL;NULL;NULL;NULL;3449;NULL;NULL;2489;NULL;NULL;NULL;1258
141;Loader;CF513;2013-05-08 20:10:09.000;2017-03-01 11:11:53.000;2013-05-08 22:37:04.000;NULL;346;NULL;NULL;NULL;NULL;2287;924;2013-05-08 20:14:13.000;21;NULL;NULL;30;NULL;1;NULL;NULL;NULL;NULL;NULL;CF513;NULL;NULL;NULL;NULL;NULL;NULL;NULL;NULL;NULL
142;Loader;CF514;2013-05-08 22:39:51.000;2017-03-01 11:11:53.000;2014-07-28 19:11:30.000;NULL;347;1623;312;1623;NULL;2287;1376;2013-12-28 00:05:19.000;21;NULL;NULL;30;NULL;1;NULL;NULL;"""""";NULL;NULL;CF514;NULL;NULL;NULL;NULL;NULL;NULL;NULL;NULL;NULL
143;Truck;C515;2013-05-13 14:44:55.000;2020-03-10 02:47:14.000;NULL;NULL;348;1623;444;1623;NULL;2742;1376;2017-04-06 11:37:17.000;240;NULL;NULL;12;NULL;2;NULL;NULL;"""""";NULL;NULL;NULL;NULL;3450;NULL;NULL;NULL;NULL;NULL;NULL;NULL
144;Truck;C516;2013-05-22 13:30:22.000;2019-03-22 16:14:10.000;NULL;NULL;349;1623;444;1623;NULL;2742;1376;2017-04-06 11:37:20.000;240;NULL;NULL;12;NULL;2;NULL;NULL;"""""";NULL;NULL;NULL;NULL;3450;NULL;NULL;NULL;NULL;NULL;NULL;NULL
145;Truck;C510;2013-05-23 12:43:56.000;2017-03-01 11:11:53.000;2015-10-03 17:34:11.000;NULL;350;1623;312;1623;NULL;2262;1376;2013-11-04 11:22:39.000;240;NULL;NULL;20;NULL;2;NULL;NULL;"""""";NULL;NULL;C510;NULL;NULL;NULL;NULL;NULL;NULL;NULL;NULL;NULL
146;Truck;C46;2013-05-23 12:57:13.000;2024-01-30 22:58:26.000;NULL;NULL;351;1327;442;1327;NULL;2125;955;2024-01-30 22:57:07.000;343,8330078;17997;NULL;24;NULL;2;NULL;1;1160,946,1443;NULL;NULL;NULL;NULL;3449;NULL;NULL;2489;NULL;NULL;NULL;1258
147;Truck;C511;2013-05-27 14:50:05.000;2022-09-15 19:03:50.000;NULL;NULL;352;1623;444;1623;NULL;2742;1376;2017-04-06 11:36:35.000;240;NULL;NULL;20;NULL;2;NULL;NULL;"""""";NULL;NULL;NULL;NULL;3450;NULL;NULL;NULL;NULL;NULL;NULL;NULL
148;Truck;C47;2013-05-28 15:13:22.000;2024-01-30 23:00:38.000;NULL;NULL;353;1327;442;1572;NULL;2125;955;2024-01-30 22:54:04.000;343,8330078;17997;NULL;24;NULL;2;NULL;1;946,1443;NULL;NULL;NULL;NULL;3449;NULL;NULL;2489;NULL;NULL;NULL;NULL
149;Truck;C517;2013-06-04 20:51:38.000;2019-04-06 22:24:28.000;NULL;NULL;354;1623;444;1623;NULL;2742;1376;2017-04-06 11:37:23.000;240;NULL;NULL;12;NULL;2;NULL;NULL;"""""";NULL;NULL;NULL;NULL;3450;NULL;NULL;NULL;NULL;NULL;NULL;NULL
150;Truck;C512;2013-06-26 16:06:15.000;2019-04-23 21:38:22.000;NULL;NULL;355;1623;444;1623;NULL;2742;1376;2018-12-07 11:21:37.000;240;NULL;NULL;20;NULL;2;NULL;NULL;"""""";NULL;NULL;NULL;NULL;3450;NULL;NULL;NULL;NULL;NULL;NULL;NULL
151;Truck;C48;2013-06-27 15:35:13.000;2024-01-30 23:04:06.000;NULL;NULL;356;1327;442;1327;NULL;2125;924;2024-01-30 23:04:05.000;343,8330078;35975;NULL;24;NULL;2;2024-01-30 23:02:45.000;1;1160;NULL;NULL;NULL;NULL;3449;NULL;NULL;2489;NULL;NULL;NULL;1588
152;Dozer;TO8;2013-07-09 15:00:00.000;2024-01-30 10:14:48.000;NULL;NULL;357;1327;442;1327;NULL;2288;2123;2024-01-30 07:34:01.000;NULL;NULL;NULL;10;NULL;17;NULL;NULL;1443,1380;NULL;NULL;NULL;NULL;3449;NULL;NULL;2487;NULL;NULL;NULL;1258
153;Dozer;TO7;2013-07-09 21:51:36.000;2024-01-28 02:20:18.000;NULL;NULL;359;1327;442;1193;NULL;2288;1258;2024-01-28 02:20:17.000;NULL;NULL;NULL;NULL;NULL;14;2024-01-28 02:20:17.000;NULL;995;NULL;NULL;NULL;NULL;3449;NULL;NULL;2488;NULL;NULL;NULL;NULL
154;Loader;CF2;2013-07-18 14:42:44.000;2024-01-17 21:24:46.000;NULL;NULL;360;1193;382;1193;NULL;2289;1376;2024-01-17 13:30:35.000;30;NULL;NULL;30;NULL;1;NULL;NULL;"""""";NULL;NULL;NULL;NULL;3449;NULL;NULL;2489;NULL;NULL;NULL;1588
155;Dozer;WD6;2013-11-03 23:16:43.000;2024-01-30 21:12:53.000;NULL;NULL;362;1193;470;1193;NULL;1183;1376;2024-01-27 20:33:10.000;NULL;NULL;NULL;NULL;NULL;6;NULL;NULL;1443;NULL;NULL;NULL;NULL;3449;NULL;NULL;2489;NULL;NULL;NULL;NULL
156;Grader;MT05;2013-11-11 13:53:52.000;2023-05-11 22:35:30.000;NULL;NULL;363;1623;444;1623;NULL;1125;1376;2022-03-27 07:52:52.000;NULL;NULL;NULL;NULL;NULL;5;NULL;NULL;"""""";NULL;NULL;NULL;NULL;3449;NULL;NULL;NULL;NULL;NULL;NULL;NULL
157;WaterTruck;CR4;2013-11-20 12:47:19.000;2024-01-30 06:01:07.000;NULL;NULL;364;1572;376;1327;NULL;2436;1940;2024-01-29 05:00:55.000;75000;NULL;NULL;20;NULL;5;2024-01-30 07:11:07.000;NULL;"""""";NULL;NULL;NULL;NULL;3449;NULL;NULL;2489;NULL;NULL;NULL;2292
158;Drill;PE11;2014-03-03 23:16:47.000;2018-12-22 20:24:38.000;2018-12-22 20:05:25.000;NULL;365;1623;444;1572;NULL;2437;1376;2018-12-18 16:06:25.000;NULL;NULL;NULL;22;NULL;3;NULL;1;"""""";NULL;NULL;NULL;NULL;3449;NULL;NULL;NULL;NULL;NULL;NULL;NULL
159;Drill;PE12;2014-03-04 12:43:59.000;2019-01-03 21:17:27.000;2019-01-03 21:20:57.000;NULL;366;1572;549;1327;NULL;2437;1627;2019-01-02 12:11:44.000;NULL;NULL;NULL;22;NULL;3;NULL;1;"""""";NULL;NULL;NULL;NULL;3449;NULL;NULL;NULL;NULL;NULL;NULL;NULL
160;Drill;PE13;2014-03-04 12:44:20.000;2019-01-03 21:18:53.000;2019-01-03 21:22:23.000;NULL;367;1623;444;1327;NULL;2437;1376;2019-01-02 09:30:22.000;NULL;NULL;NULL;22;NULL;3;NULL;1;1380;1885;NULL;NULL;NULL;3449;NULL;NULL;NULL;NULL;NULL;NULL;NULL
161;Truck;C50;2014-03-04 12:49:29.000;2024-01-30 23:07:08.000;NULL;NULL;368;1327;442;1327;NULL;2438;924;2024-01-30 23:07:04.000;290;34857;NULL;23;NULL;2;NULL;1;1020;NULL;NULL;NULL;NULL;3449;NULL;NULL;2487;NULL;NULL;NULL;1588
162;Truck;C49;2014-03-04 15:45:58.000;2024-01-30 23:06:14.000;NULL;NULL;369;1327;442;1327;NULL;2438;955;2024-01-30 23:03:29.000;290;25023;NULL;23;NULL;2;2024-01-30 23:30:00.000;1;"""""";NULL;NULL;NULL;NULL;3449;NULL;NULL;2487;NULL;NULL;NULL;1226
163;Truck;C51;2014-03-29 17:07:45.000;2024-01-30 23:08:04.000;NULL;NULL;372;1327;442;1327;NULL;2438;1258;2024-01-30 22:55:19.000;290;1543;NULL;23;NULL;2;2024-01-30 23:10:45.000;1;946;NULL;NULL;NULL;NULL;3449;NULL;NULL;2487;NULL;NULL;NULL;955
164;Truck;C52;2014-03-29 17:08:35.000;2024-01-30 23:07:30.000;NULL;NULL;373;1327;442;1327;NULL;2438;955;2024-01-30 22:49:39.000;290;25023;NULL;23;NULL;2;2024-01-30 23:11:21.000;1;946;NULL;NULL;NULL;NULL;3449;NULL;NULL;2487;NULL;NULL;NULL;1588
165;Truck;C53;2014-03-29 17:08:57.000;2024-01-30 23:02:43.000;NULL;NULL;374;1327;442;1327;NULL;2438;924;2024-01-30 23:02:42.000;290;17997;NULL;23;NULL;2;NULL;1;1020;NULL;NULL;NULL;NULL;3449;NULL;NULL;2487;NULL;NULL;NULL;NULL
166;Truck;C54;2014-04-15 15:06:15.000;2024-01-30 23:07:43.000;NULL;NULL;378;1327;442;1327;NULL;2438;1588;2024-01-30 23:07:42.000;290;25023;NULL;23;NULL;2;2024-01-30 23:10:02.000;1;1020;NULL;NULL;NULL;NULL;3449;NULL;NULL;2487;NULL;NULL;NULL;1226
167;Truck;C57;2014-04-15 15:06:38.000;2024-01-30 23:07:10.000;NULL;NULL;379;1327;442;1327;NULL;2438;924;2024-01-30 23:07:09.000;290;34857;NULL;23;NULL;2;NULL;1;"""""";NULL;NULL;NULL;NULL;3449;NULL;NULL;2487;NULL;NULL;NULL;1258
168;Grader;MT06;2014-04-15 15:07:18.000;2024-01-30 22:42:29.000;NULL;NULL;380;1327;442;1327;NULL;1125;1105;2024-01-30 20:24:39.000;NULL;NULL;NULL;NULL;NULL;17;2024-01-30 20:24:39.000;1;"""""";NULL;NULL;NULL;NULL;3449;NULL;NULL;NULL;NULL;NULL;NULL;1258
169;Truck;C56;2014-04-22 21:37:09.000;2024-01-30 23:08:16.000;NULL;NULL;381;1327;442;1327;NULL;2438;1258;2024-01-30 23:08:16.000;290;25023;NULL;23;NULL;2;2024-01-30 23:22:03.000;1;946;NULL;NULL;NULL;NULL;3449;NULL;NULL;2487;NULL;NULL;NULL;NULL
170;Truck;C55;2014-05-06 16:51:56.000;2024-01-30 23:07:41.000;NULL;NULL;382;1327;442;1327;NULL;2438;955;2024-01-30 23:06:10.000;290;1543;NULL;23;NULL;2;2024-01-30 23:28:43.000;1;946,1443;NULL;NULL;NULL;NULL;3449;NULL;NULL;2487;NULL;NULL;NULL;956
171;Truck;C58;2014-05-06 16:53:24.000;2024-01-30 23:02:52.000;NULL;NULL;383;1327;442;1327;NULL;2438;955;2024-01-30 23:02:20.000;290;25023;NULL;23;NULL;2;NULL;1;946,1443;NULL;NULL;NULL;NULL;3449;NULL;NULL;2487;NULL;NULL;NULL;1588
172;Truck;C59;2014-05-06 16:53:43.000;2024-01-30 23:08:06.000;NULL;NULL;384;1327;442;1327;NULL;2438;1258;2024-01-30 23:02:46.000;290;11959;NULL;23;NULL;2;2024-01-30 23:14:43.000;1;946;NULL;NULL;NULL;NULL;3449;NULL;NULL;2487;NULL;NULL;NULL;956
173;Loader;CF520;2014-05-15 18:00:20.000;2017-03-01 11:11:53.000;2014-07-28 19:11:40.000;NULL;385;1623;312;1623;NULL;2287;1376;2014-06-13 19:14:18.000;21;NULL;NULL;30;NULL;1;NULL;NULL;"""""";NULL;NULL;CF520;NULL;NULL;NULL;NULL;NULL;NULL;NULL;NULL;NULL
174;Loader;CF3;2014-05-18 17:46:55.000;2024-01-30 19:34:15.000;NULL;NULL;386;1193;381;1623;NULL;2289;1376;2024-01-30 19:34:14.000;30;NULL;NULL;30;NULL;1;NULL;NULL;47;NULL;NULL;NULL;NULL;3449;NULL;NULL;2489;NULL;NULL;NULL;1588
175;Shovel;PA6;2014-05-27 12:38:44.000;2024-01-30 09:06:57.000;NULL;NULL;388;1193;382;1572;NULL;2440;1376;2024-01-28 18:31:33.000;79;NULL;NULL;39;NULL;1;NULL;NULL;"""""";NULL;NULL;NULL;NULL;3449;NULL;NULL;2488;NULL;NULL;NULL;924
176;Grader;MT07;2014-06-11 15:54:51.000;2024-01-30 22:15:34.000;NULL;NULL;389;1327;442;1193;NULL;1125;1258;2024-01-30 20:02:47.000;NULL;NULL;NULL;NULL;NULL;13;NULL;1;1443;NULL;NULL;NULL;NULL;3449;NULL;NULL;NULL;NULL;NULL;NULL;1258
177;Grader;MT08;2014-06-11 15:55:41.000;2024-01-30 21:16:56.000;NULL;NULL;390;1193;674;1327;NULL;1125;1376;2024-01-30 21:04:11.000;NULL;NULL;NULL;NULL;NULL;5;NULL;NULL;"""""";NULL;NULL;NULL;NULL;3449;NULL;NULL;NULL;NULL;NULL;NULL;NULL
178;Manbus;BUS 4;2014-07-02 13:20:02.000;2017-03-01 11:11:53.000;2015-07-08 20:27:57.000;NULL;392;NULL;NULL;NULL;NULL;NULL;NULL;NULL;NULL;NULL;NULL;NULL;NULL;NULL;NULL;NULL;NULL;NULL;NULL;BUS 4;NULL;NULL;NULL;NULL;NULL;NULL;NULL;NULL;NULL
179;Manbus;BUS 5;2014-07-02 13:20:23.000;2017-03-01 11:11:53.000;2015-07-08 20:28:03.000;NULL;393;NULL;NULL;NULL;NULL;NULL;NULL;NULL;NULL;NULL;NULL;NULL;NULL;NULL;NULL;NULL;NULL;NULL;NULL;BUS 5;NULL;NULL;NULL;NULL;NULL;NULL;NULL;NULL;NULL
180;Manbus;BUS 6;2014-07-02 13:20:38.000;2017-03-01 11:11:53.000;2015-07-08 20:28:08.000;NULL;394;NULL;NULL;NULL;NULL;NULL;NULL;NULL;NULL;NULL;NULL;NULL;NULL;NULL;NULL;NULL;NULL;NULL;NULL;BUS 6;NULL;NULL;NULL;NULL;NULL;NULL;NULL;NULL;NULL
181;WaterTruck;CR5;2014-07-23 12:44:46.000;2024-01-30 22:41:20.000;NULL;NULL;397;1327;442;1193;NULL;2436;1105;2024-01-30 22:41:19.000;75000;NULL;NULL;20;NULL;16;2024-01-30 22:41:19.000;1;"""""";NULL;NULL;NULL;NULL;3449;NULL;NULL;2489;NULL;NULL;NULL;NULL
182;WaterTruck;CR6;2014-07-23 12:45:33.000;2024-01-30 22:41:00.000;NULL;NULL;398;1327;442;1572;NULL;2436;2292;2024-01-30 22:40:51.000;75000;NULL;NULL;20;NULL;16;NULL;1;"""""";NULL;NULL;NULL;NULL;3449;NULL;NULL;2489;NULL;NULL;NULL;1939
183;Truck;C518;2014-07-28 13:38:37.000;2019-03-18 12:36:58.000;NULL;NULL;399;1623;444;1623;NULL;2742;1376;2017-04-06 11:37:21.000;240;NULL;NULL;12;NULL;2;NULL;NULL;"""""";NULL;NULL;NULL;NULL;3450;NULL;NULL;NULL;NULL;NULL;NULL;NULL
184;Truck;C519;2014-07-28 13:39:06.000;2021-02-24 10:21:29.000;NULL;NULL;400;1623;444;1623;NULL;2742;1376;2017-04-06 11:37:25.000;240;NULL;NULL;12;NULL;2;NULL;NULL;"""""";NULL;NULL;NULL;NULL;3450;NULL;NULL;NULL;NULL;NULL;NULL;NULL
185;Loader;CF8800;2014-07-28 14:17:04.000;2017-03-01 11:11:53.000;2015-04-07 20:50:06.000;NULL;401;1193;381;1193;NULL;2443;1376;2014-10-28 19:01:35.000;361;NULL;NULL;30;NULL;1;NULL;NULL;"""""";NULL;NULL;CF8800;NULL;NULL;NULL;NULL;NULL;NULL;NULL;NULL;NULL
186;AuxEquipment;RE3;2014-07-28 14:24:16.000;2024-01-25 21:40:48.000;NULL;NULL;402;1327;442;1327;NULL;2444;1105;2024-01-06 11:27:46.000;NULL;NULL;NULL;NULL;NULL;15;2024-01-06 11:27:46.000;NULL;"""""";NULL;NULL;NULL;NULL;3449;NULL;NULL;NULL;NULL;NULL;NULL;NULL
187;AuxEquipment;RE4;2014-07-28 14:24:36.000;2024-01-30 19:23:54.000;NULL;NULL;403;1572;352;1193;NULL;2444;1376;2024-01-30 17:22:51.000;NULL;NULL;NULL;NULL;NULL;15;NULL;NULL;"""""";NULL;NULL;NULL;NULL;3449;NULL;NULL;NULL;NULL;NULL;NULL;NULL
188;Shovel;PA7;2014-10-28 00:19:06.000;2024-01-30 23:07:43.000;NULL;NULL;405;1327;534;1572;NULL;1055;1588;2024-01-30 23:07:43.000;100;10977;NULL;45;NULL;1;2024-01-30 23:10:03.000;1;"""""";NULL;NULL;NULL;NULL;3449;NULL;NULL;2489;NULL;NULL;NULL;NULL
189;Truck;C522;2014-12-17 13:44:57.000;2022-02-23 22:15:34.000;NULL;NULL;447;1623;444;1623;NULL;2742;1376;2022-02-23 22:15:33.000;240;NULL;NULL;12;NULL;2;NULL;NULL;"""""";NULL;NULL;NULL;NULL;3450;NULL;NULL;NULL;NULL;NULL;NULL;NULL
190;Truck;C60;2015-01-06 11:51:34.000;2024-01-30 22:30:03.000;NULL;NULL;460;1193;662;1327;NULL;2438;1376;2024-01-30 22:30:02.000;290;11959;NULL;23;NULL;2;NULL;1;1020;NULL;NULL;NULL;NULL;3449;NULL;NULL;2487;NULL;NULL;NULL;1258
191;Truck;C61;2015-03-04 13:05:00.000;2024-01-30 23:05:33.000;NULL;NULL;463;1327;442;1327;NULL;2438;955;2024-01-30 22:58:21.000;290;25023;NULL;23;NULL;2;2024-01-30 23:22:12.000;1;946;NULL;NULL;NULL;NULL;3449;NULL;NULL;2487;NULL;NULL;NULL;1588
193;Loader;CF4;2015-08-24 20:33:50.000;2024-01-30 16:31:12.000;NULL;NULL;469;1623;444;1623;NULL;2289;1376;2024-01-30 16:31:11.000;30;NULL;NULL;16;NULL;1;NULL;NULL;"""""";NULL;NULL;NULL;NULL;4509;NULL;NULL;2489;NULL;NULL;NULL;NULL
196;Truck;C523;2015-10-03 17:53:27.000;2020-07-15 09:57:32.000;NULL;NULL;473;1623;444;1623;NULL;2742;1376;2017-04-06 11:39:27.000;240;NULL;NULL;20;NULL;2;NULL;NULL;"""""";NULL;NULL;NULL;NULL;3450;NULL;NULL;NULL;NULL;NULL;NULL;NULL
197;Truck;C524;2015-10-15 13:02:43.000;2023-12-26 09:17:19.000;NULL;NULL;474;1623;444;1623;NULL;2742;1376;2023-12-25 23:29:09.000;240;NULL;NULL;20;NULL;2;NULL;NULL;"""""";NULL;NULL;NULL;NULL;3450;NULL;NULL;NULL;NULL;NULL;NULL;NULL
200;Loader;CF5;2015-10-24 00:17:14.000;2023-02-09 12:19:14.000;NULL;NULL;475;1623;444;1623;NULL;2443;1376;2017-06-07 14:21:34.000;30;NULL;NULL;16;NULL;1;NULL;NULL;"""""";NULL;NULL;NULL;NULL;3450;NULL;NULL;NULL;NULL;NULL;NULL;NULL
201;Drill;PE504;2015-12-09 19:25:56.000;2022-06-18 16:35:53.000;NULL;NULL;479;1623;444;1623;NULL;2730;1376;2021-12-26 12:22:32.000;0;NULL;NULL;28;NULL;3;NULL;NULL;1380;NULL;NULL;NULL;NULL;3449;NULL;NULL;NULL;NULL;NULL;NULL;NULL
202;Drill;PE503;2015-12-21 13:20:20.000;2023-05-27 14:59:20.000;NULL;NULL;480;1623;444;1623;NULL;2730;1376;2023-03-31 23:09:51.000;NULL;NULL;NULL;28;NULL;3;NULL;1;995;1885;NULL;NULL;NULL;3449;NULL;NULL;NULL;NULL;NULL;NULL;1203
203;Loader;CF203;2015-12-21 15:06:22.000;2024-01-29 12:47:42.000;NULL;NULL;481;1623;444;1623;NULL;2681;1376;2024-01-29 12:44:09.000;30;NULL;NULL;16;NULL;1;NULL;NULL;"""""";NULL;NULL;NULL;NULL;3449;NULL;NULL;NULL;NULL;NULL;NULL;1588
204;Loader;CF202;2016-01-04 14:59:11.000;2017-03-01 11:11:53.000;2016-09-15 22:26:18.000;NULL;490;1623;444;1327;NULL;2681;1376;2016-08-28 12:11:38.000;30;NULL;NULL;16;NULL;1;NULL;NULL;"""""";NULL;NULL;CF202;NULL;NULL;NULL;NULL;NULL;NULL;NULL;NULL;NULL
205;Truck;C121;2016-01-14 12:33:05.000;2024-01-30 23:07:48.000;NULL;NULL;483;1327;442;1327;NULL;2733;955;2024-01-30 23:07:37.000;220;1543;NULL;15;NULL;2;2024-01-30 23:19:03.000;1;946;NULL;NULL;NULL;NULL;3449;NULL;NULL;NULL;NULL;NULL;NULL;1588
206;Truck;C122;2016-01-14 12:34:08.000;2024-01-30 20:44:37.000;NULL;NULL;484;1193;381;1327;NULL;2733;1376;2024-01-30 14:51:07.000;220;4919;NULL;15;NULL;2;NULL;NULL;"""""";NULL;NULL;NULL;NULL;3449;NULL;NULL;NULL;NULL;NULL;NULL;956
207;Truck;C123;2016-01-14 12:34:31.000;2024-01-30 22:55:21.000;NULL;NULL;485;1327;442;1193;NULL;2733;924;2024-01-30 22:55:21.000;220;8012;NULL;15;NULL;2;2024-01-30 22:44:19.000;1;1020;NULL;NULL;NULL;NULL;3449;NULL;NULL;NULL;NULL;NULL;NULL;1314
208;Truck;C124;2016-01-14 12:34:50.000;2024-01-01 13:23:38.000;NULL;NULL;486;1623;444;1623;NULL;2733;1376;2023-07-10 12:52:26.000;220;NULL;NULL;15;NULL;2;NULL;NULL;995;NULL;NULL;NULL;NULL;3449;NULL;NULL;NULL;NULL;NULL;NULL;1258
209;Loader;CF234;2016-01-14 12:50:33.000;2024-01-30 23:07:07.000;NULL;NULL;487;1327;442;1327;NULL;2735;1588;2024-01-30 23:07:00.000;30;27684;NULL;16;NULL;1;2024-01-30 23:11:29.000;1;"""""";NULL;NULL;NULL;NULL;3449;NULL;NULL;NULL;NULL;NULL;NULL;924
210;Truck;C128;2016-01-14 16:44:44.000;2024-01-30 23:06:26.000;NULL;NULL;488;1327;442;1327;NULL;2733;955;2024-01-30 23:06:17.000;220;33780;NULL;15;NULL;2;2024-01-30 23:11:27.000;1;946;NULL;NULL;NULL;NULL;3449;NULL;NULL;NULL;NULL;NULL;NULL;956
211;Truck;C133;2016-01-16 13:11:29.000;2024-01-27 22:09:50.000;NULL;NULL;489;1623;444;1623;NULL;2733;1376;2022-12-10 01:40:16.000;220;NULL;NULL;15;NULL;2;NULL;NULL;1052,995;NULL;NULL;NULL;NULL;3449;NULL;NULL;NULL;NULL;NULL;NULL;NULL
212;Loader;CF233;2016-01-28 15:39:05.000;2024-01-30 23:06:40.000;NULL;NULL;491;1327;442;1327;NULL;2735;924;2024-01-30 23:06:38.000;30;33165;NULL;16;NULL;1;2024-01-30 23:05:44.000;1;"""""";NULL;NULL;NULL;NULL;3449;NULL;NULL;2487;NULL;NULL;NULL;1588
216;Truck;C132;2016-01-30 12:22:57.000;2024-01-30 23:04:59.000;NULL;NULL;495;1327;442;1193;NULL;2733;924;2024-01-30 23:04:58.000;220;27638;NULL;15;NULL;2;NULL;1;1020;NULL;NULL;NULL;NULL;3449;NULL;NULL;NULL;NULL;NULL;NULL;1258
217;Truck;C134;2016-01-30 12:23:27.000;2024-01-30 23:08:03.000;NULL;NULL;496;1327;442;1193;NULL;2733;956;2024-01-30 23:08:02.000;220;1543;NULL;15;NULL;2;2024-01-30 23:08:55.000;1;"""""";NULL;NULL;NULL;NULL;3449;NULL;NULL;NULL;NULL;NULL;NULL;956
218;Truck;C155;2016-01-30 12:24:01.000;2024-01-30 23:07:43.000;NULL;NULL;497;1327;442;1193;NULL;2741;955;2024-01-30 23:04:14.000;225;27638;NULL;15;NULL;2;2024-01-30 23:12:31.000;1;946;NULL;NULL;NULL;NULL;3449;NULL;NULL;NULL;NULL;NULL;NULL;956
219;Truck;C131;2016-01-30 12:25:55.000;2024-01-30 23:05:26.000;NULL;NULL;498;1327;442;1327;NULL;2733;1588;2024-01-30 23:05:25.000;220;8012;NULL;15;NULL;2;2024-01-30 23:10:11.000;1;1020;NULL;NULL;NULL;NULL;3449;NULL;NULL;NULL;NULL;NULL;NULL;956
220;Truck;C129;2016-02-01 13:35:33.000;2024-01-30 23:07:41.000;NULL;NULL;499;1327;442;1327;NULL;2733;924;2024-01-30 23:07:32.000;220;33780;NULL;15;NULL;2;NULL;1;"""""";NULL;NULL;NULL;NULL;3449;NULL;NULL;NULL;NULL;NULL;NULL;NULL
221;Truck;C101;2016-02-01 14:16:55.000;2023-03-26 12:38:25.000;NULL;NULL;500;1623;444;1623;NULL;3609;1376;2023-02-21 11:39:20.000;220;NULL;NULL;12;NULL;2;NULL;NULL;995;NULL;NULL;NULL;NULL;3449;NULL;NULL;NULL;NULL;NULL;NULL;NULL
222;Truck;C102;2016-02-01 14:17:37.000;2023-05-08 00:28:27.000;NULL;NULL;501;1623;444;1623;NULL;3609;1376;2021-04-19 15:32:41.000;220;NULL;NULL;12;NULL;2;NULL;NULL;1309;NULL;NULL;NULL;NULL;3449;NULL;NULL;NULL;NULL;NULL;NULL;NULL
223;Truck;C103;2016-02-01 14:18:02.000;2021-01-25 21:29:19.000;NULL;NULL;502;1623;444;1623;NULL;3609;1376;2016-02-24 12:20:09.000;220;NULL;NULL;12;NULL;2;NULL;NULL;"""""";NULL;NULL;NULL;NULL;3449;NULL;NULL;NULL;NULL;NULL;NULL;NULL
224;Truck;C104;2016-02-01 14:18:40.000;2017-03-01 11:11:53.000;2016-02-01 15:31:01.000;NULL;503;NULL;NULL;NULL;NULL;2733;NULL;NULL;175;NULL;NULL;12;NULL;2;NULL;NULL;NULL;NULL;NULL;C104;NULL;NULL;NULL;NULL;NULL;NULL;NULL;NULL;NULL
225;Truck;C125;2016-02-01 14:20:26.000;2024-01-30 23:08:10.000;NULL;NULL;504;1327;442;1327;NULL;2733;1615;2024-01-30 23:08:08.000;220;1543;NULL;15;NULL;2;2024-01-30 23:08:56.000;1;"""""";NULL;NULL;NULL;NULL;3449;NULL;NULL;NULL;NULL;NULL;NULL;1588
226;Truck;C130;2016-02-01 14:21:18.000;2024-01-30 23:05:18.000;NULL;NULL;505;1327;442;1327;NULL;2733;956;2024-01-30 23:05:16.000;220;8012;NULL;15;NULL;2;2024-01-30 23:08:27.000;1;"""""";NULL;NULL;NULL;NULL;3449;NULL;NULL;NULL;NULL;NULL;NULL;1226
227;Truck;C135;2016-02-01 14:22:34.000;2024-01-30 20:47:02.000;NULL;NULL;506;1193;381;1327;NULL;2733;1376;2024-01-30 20:07:32.000;220;17997;NULL;15;NULL;2;NULL;NULL;"""""";NULL;NULL;NULL;NULL;3449;NULL;NULL;NULL;NULL;NULL;NULL;955
228;Truck;C151;2016-02-01 14:26:02.000;2024-01-30 23:07:59.000;NULL;NULL;507;1327;442;1327;NULL;2741;1258;2024-01-30 23:05:41.000;225;32733;NULL;15;NULL;2;2024-01-30 23:09:19.000;1;946;NULL;NULL;NULL;NULL;3449;NULL;NULL;NULL;NULL;NULL;NULL;1376
229;Truck;C152;2016-02-01 14:26:33.000;2024-01-30 23:04:11.000;NULL;NULL;508;1327;442;1327;NULL;2741;924;2024-01-30 23:04:09.000;225;8012;NULL;15;NULL;2;NULL;1;"""""";NULL;NULL;NULL;NULL;3449;NULL;NULL;NULL;NULL;NULL;NULL;956
230;Truck;C153;2016-02-01 14:27:28.000;2024-01-30 23:08:02.000;NULL;NULL;509;1327;442;1327;NULL;2741;1258;2024-01-30 23:07:49.000;225;33780;NULL;15;NULL;2;2024-01-30 23:26:59.000;1;946,1443;NULL;NULL;NULL;NULL;3449;NULL;NULL;NULL;NULL;NULL;NULL;1588
231;Truck;C154;2016-02-01 14:27:57.000;2024-01-30 23:07:28.000;NULL;NULL;510;1327;442;1327;NULL;2741;1258;2024-01-30 22:57:01.000;225;4919;NULL;15;NULL;2;2024-01-30 23:11:58.000;NULL;"""""";NULL;NULL;NULL;NULL;3449;NULL;NULL;NULL;NULL;NULL;NULL;956
232;Truck;C156;2016-02-01 14:32:08.000;2024-01-30 23:08:16.000;NULL;NULL;511;1327;442;1327;NULL;2741;1190;2024-01-30 23:08:14.000;225;27638;NULL;15;NULL;2;2024-01-30 23:09:00.000;1;1379;NULL;NULL;NULL;NULL;3449;NULL;NULL;NULL;NULL;NULL;NULL;956
233;Truck;C157;2016-02-01 14:32:43.000;2023-08-29 21:10:35.000;NULL;NULL;512;1623;444;1623;NULL;2741;1376;2017-04-17 13:05:39.000;225;NULL;NULL;15;NULL;2;NULL;NULL;NULL;NULL;NULL;NULL;NULL;3449;NULL;NULL;NULL;NULL;NULL;NULL;NULL
234;Truck;C158;2016-02-01 14:33:10.000;2024-01-10 21:20:06.000;NULL;NULL;513;1623;444;1623;NULL;2741;1376;2021-11-24 23:00:54.000;225;NULL;NULL;15;NULL;2;NULL;NULL;"""""";NULL;NULL;NULL;NULL;3449;NULL;NULL;NULL;NULL;NULL;NULL;NULL
235;Truck;C159;2016-02-01 14:33:36.000;2024-01-30 20:47:27.000;NULL;NULL;514;1193;382;1327;NULL;2741;1376;2024-01-30 00:14:46.000;225;4919;NULL;15;NULL;2;NULL;NULL;"""""";NULL;NULL;NULL;NULL;3449;NULL;NULL;NULL;NULL;NULL;NULL;1588
236;Truck;C160;2016-02-01 14:34:01.000;2024-01-30 23:07:59.000;NULL;NULL;515;1327;442;1572;NULL;2741;1258;2024-01-30 23:05:18.000;225;34857;NULL;15;NULL;2;2024-01-30 23:11:27.000;1;946;NULL;NULL;NULL;NULL;3449;NULL;NULL;NULL;NULL;NULL;NULL;NULL
237;Truck;C161;2016-02-01 14:34:25.000;2024-01-30 20:47:43.000;NULL;NULL;516;1193;381;1193;NULL;2741;1376;2024-01-22 00:23:17.000;225;4919;NULL;15;NULL;2;NULL;NULL;946,1160;NULL;NULL;NULL;NULL;3449;NULL;NULL;NULL;NULL;NULL;NULL;1588
238;Truck;C162;2016-02-01 14:34:55.000;2024-01-30 23:07:02.000;NULL;NULL;517;1327;442;1327;NULL;2741;1588;2024-01-30 23:07:00.000;225;34857;NULL;15;NULL;2;2024-01-30 23:11:29.000;1;"""""";NULL;NULL;NULL;NULL;3449;NULL;NULL;NULL;NULL;NULL;NULL;NULL
239;Truck;C163;2016-02-01 14:35:17.000;2024-01-30 23:08:01.000;NULL;NULL;518;1327;442;1327;NULL;2741;955;2024-01-30 23:05:53.000;225;27638;NULL;15;NULL;2;2024-01-30 23:14:45.000;1;946;NULL;NULL;NULL;NULL;3449;NULL;NULL;NULL;NULL;NULL;NULL;1314
240;Truck;C164;2016-02-01 14:35:50.000;2024-01-30 23:07:49.000;NULL;NULL;519;1327;442;1327;NULL;2741;955;2024-01-30 23:04:56.000;225;32733;NULL;15;NULL;2;2024-01-30 23:08:16.000;1;946;NULL;NULL;NULL;NULL;3449;NULL;NULL;NULL;NULL;NULL;NULL;955
241;Truck;C165;2016-02-01 14:36:33.000;2017-03-01 11:11:53.000;2016-11-20 14:26:50.000;NULL;520;1623;444;1623;NULL;2741;1376;2016-02-29 11:59:26.000;220;NULL;NULL;15;NULL;2;NULL;NULL;NULL;NULL;NULL;C165;NULL;NULL;NULL;NULL;NULL;NULL;NULL;NULL;NULL
242;Truck;C105;2016-02-01 15:31:31.000;2017-03-01 11:11:53.000;2016-11-20 14:26:00.000;NULL;521;1623;444;1623;NULL;2733;1376;2016-02-24 12:20:04.000;175;NULL;NULL;12;NULL;2;NULL;NULL;NULL;NULL;NULL;C105;NULL;NULL;NULL;NULL;NULL;NULL;NULL;NULL;NULL
243;Loader;CF232;2016-02-15 13:15:16.000;2024-01-30 20:50:43.000;NULL;NULL;522;1193;382;1327;NULL;2735;1376;2024-01-30 17:51:08.000;30;4919;NULL;16;NULL;1;NULL;NULL;"""""";NULL;NULL;NULL;NULL;3449;NULL;NULL;NULL;NULL;NULL;NULL;1588
244;Loader;CF231;2016-02-16 14:57:12.000;2024-01-30 23:05:32.000;NULL;NULL;523;1327;442;1327;NULL;2735;1588;2024-01-30 23:05:24.000;30;NULL;NULL;16;NULL;1;2024-01-30 23:10:10.000;1;"""""";NULL;NULL;NULL;NULL;3449;NULL;NULL;NULL;NULL;NULL;NULL;1588
245;Truck;C525;2016-03-21 21:24:50.000;2019-04-24 17:29:53.000;NULL;NULL;531;1623;444;1623;NULL;2742;1376;2017-04-06 11:39:31.000;240;NULL;NULL;20;NULL;2;NULL;NULL;NULL;NULL;NULL;NULL;NULL;3450;NULL;NULL;NULL;NULL;NULL;NULL;NULL
246;Truck;C520;2016-04-07 18:28:34.000;2019-03-25 21:40:27.000;NULL;NULL;532;1623;444;1623;NULL;2742;1376;2017-04-06 11:39:28.000;240;NULL;NULL;12;NULL;2;NULL;NULL;NULL;NULL;NULL;NULL;NULL;3450;NULL;NULL;NULL;NULL;NULL;NULL;NULL
247;Truck;C534;2016-04-07 18:28:55.000;2023-02-26 20:53:30.000;NULL;NULL;533;1623;444;1623;NULL;2742;1376;2017-04-06 11:40:51.000;240;NULL;NULL;12;NULL;2;NULL;NULL;NULL;NULL;NULL;NULL;NULL;3450;NULL;NULL;NULL;NULL;NULL;NULL;NULL
248;Dozer;B309;2016-04-19 19:25:34.000;2024-01-30 23:08:08.000;NULL;NULL;535;1327;442;1327;NULL;1174;1258;2024-01-30 22:36:28.000;0;NULL;NULL;15;NULL;19;NULL;1;1443,995;NULL;NULL;NULL;NULL;3449;NULL;NULL;NULL;NULL;NULL;NULL;1258
249;Shovel;PA8;2016-09-23 13:23:34.000;2023-10-09 22:06:50.000;NULL;NULL;569;1623;444;1623;NULL;3432;1376;2023-10-09 22:06:49.000;75;NULL;NULL;35;NULL;1;NULL;NULL;"""""";NULL;NULL;NULL;NULL;3450;NULL;NULL;NULL;NULL;NULL;NULL;NULL
250;Loader;CF6;2016-10-18 13:05:24.000;2023-02-09 12:19:15.000;NULL;NULL;592;1623;444;1623;NULL;3433;1376;2019-01-02 22:20:03.000;30;NULL;NULL;16;NULL;1;NULL;NULL;NULL;NULL;NULL;NULL;NULL;3449;NULL;NULL;NULL;NULL;NULL;NULL;NULL
251;Shovel;PA030;2016-11-17 20:37:32.000;2017-03-01 11:11:53.000;2016-11-17 20:37:51.000;NULL;601;NULL;NULL;NULL;NULL;3435;NULL;NULL;NULL;NULL;NULL;NULL;NULL;1;NULL;NULL;NULL;NULL;NULL;PA030;NULL;NULL;NULL;NULL;NULL;NULL;NULL;NULL;NULL
252;Drill;PE105;2016-11-17 20:55:28.000;2017-03-01 11:11:53.000;2016-11-17 20:56:27.000;NULL;596;NULL;NULL;NULL;NULL;3436;NULL;NULL;NULL;NULL;NULL;NULL;NULL;3;NULL;NULL;NULL;NULL;NULL;PE105;NULL;NULL;NULL;NULL;NULL;NULL;NULL;NULL;NULL
253;Dozer;WD510;2016-11-17 21:29:25.000;2017-03-01 11:11:53.000;2016-11-17 21:29:33.000;NULL;597;NULL;NULL;NULL;NULL;3437;NULL;NULL;NULL;NULL;NULL;NULL;NULL;NULL;NULL;NULL;NULL;NULL;NULL;WD510;NULL;NULL;NULL;NULL;NULL;NULL;NULL;NULL;NULL
254;Dozer;BD601;2016-11-17 21:37:18.000;2017-03-01 11:11:53.000;2016-11-17 21:37:42.000;NULL;598;NULL;NULL;NULL;NULL;3438;NULL;NULL;NULL;NULL;NULL;NULL;NULL;NULL;NULL;NULL;NULL;NULL;NULL;BD601;NULL;NULL;NULL;NULL;NULL;NULL;NULL;NULL;NULL
255;Dozer;BD605;2016-11-17 21:40:17.000;2017-03-01 11:11:53.000;2016-11-17 21:40:25.000;NULL;599;NULL;NULL;NULL;NULL;1174;NULL;NULL;NULL;NULL;NULL;NULL;NULL;NULL;NULL;NULL;NULL;NULL;NULL;BD605;NULL;NULL;NULL;NULL;NULL;NULL;NULL;NULL;NULL
256;Dozer;BD606;2016-11-17 21:41:59.000;2017-03-01 11:11:53.000;2016-11-17 21:42:05.000;NULL;600;NULL;NULL;NULL;NULL;1174;NULL;NULL;NULL;NULL;NULL;NULL;NULL;NULL;NULL;NULL;NULL;NULL;NULL;BD606;NULL;NULL;NULL;NULL;NULL;NULL;NULL;NULL;NULL
257;WaterTruck;EX905;2016-11-24 13:58:21.000;2017-03-01 11:11:53.000;2016-11-24 13:59:06.000;NULL;603;NULL;NULL;NULL;NULL;2444;NULL;NULL;NULL;NULL;NULL;NULL;NULL;29;NULL;NULL;NULL;NULL;NULL;EX905;NULL;NULL;NULL;NULL;NULL;NULL;NULL;NULL;NULL
259;Shovel;PATH01;2016-12-29 18:10:38.000;2023-12-20 10:49:27.000;NULL;NULL;604;1327;442;1327;NULL;3432;1588;2023-12-20 10:49:24.000;75;NULL;NULL;35;NULL;1;2023-12-29 14:49:24.000;NULL;"""""";NULL;NULL;NULL;NULL;3450;NULL;NULL;NULL;NULL;NULL;NULL;NULL
261;Shovel;PA211;2017-01-09 19:16:43.000;2024-01-30 22:38:48.000;NULL;NULL;605;1193;381;1327;NULL;3435;1376;2024-01-30 22:38:46.000;100;30894;NULL;45;NULL;1;NULL;NULL;"""""";1870;NULL;NULL;NULL;3449;NULL;NULL;2487;NULL;NULL;NULL;NULL
262;Dozer;W405;2017-01-09 19:23:52.000;2024-01-30 20:22:59.000;NULL;NULL;606;1193;381;1193;NULL;1183;1376;2024-01-30 20:22:59.000;NULL;NULL;NULL;NULL;NULL;17;NULL;NULL;995,1380;NULL;NULL;NULL;NULL;3449;NULL;NULL;2489;NULL;NULL;NULL;1376
263;Dozer;B308;2017-01-09 19:30:53.000;2024-01-30 23:07:16.000;NULL;NULL;607;1193;381;1327;NULL;1174;1376;2024-01-29 23:29:31.000;NULL;NULL;NULL;NULL;NULL;31;NULL;NULL;"""""";NULL;NULL;NULL;NULL;3449;NULL;NULL;NULL;NULL;NULL;NULL;1376
264;Dozer;B305;2017-01-09 19:36:21.000;2024-01-30 23:05:50.000;NULL;NULL;608;1327;442;1327;NULL;1174;2123;2024-01-30 10:36:26.000;NULL;NULL;NULL;15;NULL;15;NULL;1;null,1443;NULL;NULL;NULL;NULL;3449;NULL;NULL;NULL;NULL;NULL;NULL;1258
265;Dozer;B304;2017-01-09 19:39:51.000;2022-08-11 20:48:48.000;NULL;NULL;609;1623;444;1623;NULL;3438;1376;2019-11-11 09:40:39.000;NULL;NULL;NULL;NULL;NULL;31;NULL;NULL;995;NULL;NULL;NULL;NULL;3449;NULL;NULL;NULL;NULL;NULL;NULL;NULL
266;Drill;PE511;2017-01-09 19:43:20.000;2021-02-13 17:34:08.000;NULL;NULL;610;1623;444;1623;NULL;2730;1376;2021-02-08 19:33:36.000;NULL;NULL;NULL;NULL;NULL;3;NULL;NULL;"""""";NULL;NULL;NULL;NULL;3449;NULL;NULL;NULL;NULL;NULL;NULL;1203
267;AuxEquipment;EX02;2017-01-09 19:49:12.000;2024-01-25 21:40:48.000;NULL;NULL;611;1623;444;1623;NULL;NULL;1105;2024-01-17 23:59:31.000;NULL;NULL;NULL;NULL;NULL;15;2024-01-17 23:59:31.000;NULL;NULL;NULL;NULL;NULL;NULL;3449;NULL;NULL;NULL;NULL;NULL;NULL;NULL
268;CrusherBay;CHANCADO-OXIDO;2017-03-01 11:11:53.000;2024-01-30 17:13:45.000;NULL;NULL;646;1327;442;1327;NULL;2427;1105;2024-01-30 17:13:43.000;150000;NULL;NULL;NULL;NULL;NULL;2024-01-30 17:13:43.000;NULL;NULL;NULL;NULL;NULL;NULL;3449;NULL;NULL;2489;NULL;NULL;NULL;NULL
269;Shovel;PA26;2017-03-01 22:26:15.000;2024-01-30 20:52:41.000;NULL;NULL;647;1193;384;1572;NULL;2440;1376;2024-01-29 19:39:55.000;75;10977;NULL;35;NULL;1;NULL;1;"""""";NULL;NULL;NULL;NULL;3449;NULL;NULL;2487;NULL;NULL;NULL;1588
270;Truck;C500TP;2017-06-16 13:36:46.000;2019-06-02 17:48:32.000;NULL;NULL;719;1623;444;1623;NULL;3693;1376;2017-06-21 00:41:59.000;180;NULL;NULL;12;NULL;2;NULL;NULL;NULL;NULL;NULL;NULL;NULL;3694;NULL;NULL;2487;NULL;NULL;NULL;NULL
271;Truck;C501TP;2017-06-16 13:39:30.000;2020-01-16 22:38:29.000;NULL;NULL;720;1623;444;1623;NULL;3693;1376;2020-01-16 22:38:28.000;180;NULL;NULL;12;NULL;2;NULL;NULL;NULL;NULL;NULL;NULL;NULL;3694;NULL;NULL;2487;NULL;NULL;NULL;NULL
272;Truck;C503TP;2017-06-16 13:40:19.000;2021-08-10 22:35:14.000;NULL;NULL;721;1623;444;1623;NULL;3693;1376;2017-06-21 00:42:13.000;180;NULL;NULL;12;NULL;2;NULL;NULL;NULL;NULL;NULL;NULL;NULL;3694;NULL;NULL;NULL;NULL;NULL;NULL;NULL
273;Loader;CF7;2017-06-16 13:43:11.000;2023-02-09 12:19:15.000;NULL;NULL;722;1623;444;1623;NULL;3695;1376;2017-06-16 13:48:52.000;23;NULL;NULL;15;NULL;1;NULL;NULL;NULL;NULL;NULL;NULL;NULL;3694;NULL;NULL;NULL;NULL;NULL;NULL;NULL
274;CrusherBay;CHANCADO-ENCUENTRO;2018-05-22 14:14:06.000;2022-08-28 00:02:01.000;NULL;NULL;778;1327;442;1327;NULL;2427;1105;2018-05-22 14:16:56.000;NULL;NULL;NULL;NULL;NULL;NULL;2018-05-22 14:16:56.000;NULL;NULL;NULL;NULL;NULL;NULL;NULL;NULL;NULL;2489;NULL;NULL;NULL;NULL
275;Manbus;TEST;2019-05-21 23:00:11.000;2022-09-15 19:03:08.000;2022-09-15 19:02:28.000;NULL;87;NULL;NULL;NULL;NULL;NULL;NULL;NULL;NULL;NULL;NULL;NULL;NULL;NULL;NULL;NULL;NULL;NULL;NULL;NULL;NULL;NULL;NULL;NULL;NULL;NULL;NULL;NULL;NULL
276;Truck;C505TP;2019-06-02 17:19:30.000;2019-08-22 21:30:01.000;NULL;NULL;790;1623;444;1623;NULL;4127;1376;2019-06-02 17:22:18.000;340;NULL;NULL;24;NULL;2;NULL;NULL;NULL;NULL;NULL;NULL;NULL;3694;NULL;NULL;NULL;NULL;NULL;NULL;NULL
277;Drill;PE50;2019-11-11 19:36:52.000;2024-01-30 06:33:58.000;NULL;NULL;792;1572;549;1572;NULL;2132;1627;2024-01-30 06:23:28.000;NULL;NULL;NULL;NULL;NULL;3;NULL;NULL;"""""";NULL;NULL;NULL;NULL;3449;NULL;NULL;NULL;NULL;NULL;NULL;NULL
278;Drill;PE49;2019-11-11 19:57:36.000;2024-01-30 16:10:56.000;NULL;NULL;795;1572;551;1327;NULL;2132;1627;2024-01-30 05:36:52.000;NULL;NULL;NULL;NULL;NULL;3;NULL;NULL;"""""";NULL;NULL;NULL;NULL;3449;NULL;NULL;NULL;NULL;NULL;NULL;NULL
279;Truck;C506TP;2019-12-01 20:48:56.000;2020-10-08 18:27:59.000;NULL;NULL;800;1623;444;1623;NULL;4131;1376;2020-08-17 23:10:44.000;285;NULL;NULL;23;NULL;2;NULL;NULL;NULL;NULL;NULL;NULL;NULL;3694;NULL;NULL;NULL;NULL;NULL;NULL;NULL
280;Drill;PE26;2019-12-12 23:16:46.000;2022-09-18 21:34:34.000;NULL;NULL;797;1623;444;1623;NULL;2132;1376;2021-02-07 14:54:47.000;NULL;NULL;NULL;NULL;NULL;3;NULL;NULL;995;NULL;NULL;NULL;NULL;3449;NULL;NULL;NULL;NULL;NULL;NULL;NULL
281;Drill;PE51;2019-12-12 23:17:21.000;2024-01-30 13:09:36.000;NULL;NULL;796;1572;551;1572;NULL;2132;1627;2024-01-30 09:32:20.000;NULL;NULL;NULL;NULL;NULL;3;NULL;NULL;"""""";NULL;NULL;NULL;NULL;3449;NULL;NULL;NULL;NULL;NULL;NULL;NULL
282;Drill;PE35;2019-12-12 23:17:53.000;2020-08-16 03:32:16.000;NULL;NULL;794;1623;444;1623;NULL;2132;1376;2020-02-01 15:27:55.000;NULL;NULL;NULL;NULL;NULL;3;NULL;NULL;NULL;NULL;NULL;NULL;NULL;3449;NULL;NULL;NULL;NULL;NULL;NULL;NULL
283;Truck;C20112;2019-12-13 14:26:37.000;2022-11-02 20:15:29.000;NULL;NULL;820;1623;444;1623;NULL;4131;1376;2020-09-20 23:02:17.000;360;NULL;NULL;23;NULL;2;NULL;NULL;1546,946,1443,1020;NULL;NULL;NULL;NULL;NULL;NULL;NULL;2487;NULL;NULL;NULL;NULL
284;Truck;C20113;2019-12-13 14:27:25.000;2020-10-08 18:27:59.000;NULL;NULL;821;1623;444;1623;NULL;4131;1376;2020-09-20 23:02:41.000;285;NULL;NULL;23;NULL;2;NULL;NULL;946;NULL;NULL;NULL;NULL;NULL;NULL;NULL;2487;NULL;NULL;NULL;NULL
285;Drill;TESTHP01;2019-12-13 14:33:11.000;2023-01-02 19:51:02.000;NULL;NULL;822;NULL;NULL;NULL;NULL;903;NULL;NULL;NULL;NULL;NULL;NULL;NULL;3;NULL;NULL;"""""";NULL;NULL;NULL;NULL;NULL;NULL;NULL;NULL;NULL;NULL;NULL;NULL
286;Shovel;PA8TP;2020-01-12 19:04:11.000;2023-02-13 00:24:42.000;NULL;NULL;823;1623;444;1623;NULL;4133;1376;2023-02-13 00:24:41.000;75;NULL;NULL;35;NULL;1;NULL;NULL;"""""";NULL;NULL;NULL;NULL;3694;NULL;NULL;2488;NULL;NULL;NULL;NULL
287;Truck;C507TP;2020-04-01 19:43:19.000;2023-11-19 21:34:12.000;NULL;NULL;859;1623;444;1623;NULL;2741;1376;2020-05-06 13:19:22.000;225;NULL;NULL;15;NULL;2;NULL;NULL;"""""";NULL;NULL;NULL;NULL;3694;NULL;NULL;NULL;NULL;NULL;NULL;NULL
288;Truck;C508TP;2020-05-30 23:57:17.000;2020-10-08 18:27:59.000;NULL;NULL;861;1623;444;1623;NULL;4127;1376;2020-08-17 23:10:48.000;340;NULL;NULL;24;NULL;2;NULL;NULL;NULL;NULL;NULL;NULL;NULL;3694;NULL;NULL;NULL;NULL;NULL;NULL;NULL
289;Truck;C20115ESPS;2020-06-21 21:09:55.000;2022-07-28 09:37:01.000;NULL;NULL;862;1623;444;1623;NULL;4197;1376;2020-08-17 22:26:59.000;360;NULL;NULL;NULL;NULL;2;NULL;NULL;NULL;NULL;NULL;NULL;NULL;3694;NULL;NULL;NULL;NULL;NULL;NULL;NULL
290;Truck;C337ES;2020-06-21 21:13:41.000;2023-09-03 10:08:31.000;NULL;NULL;863;NULL;NULL;NULL;NULL;4196;NULL;NULL;260;NULL;NULL;NULL;NULL;2;NULL;NULL;NULL;NULL;NULL;NULL;NULL;NULL;NULL;NULL;NULL;NULL;NULL;NULL;NULL
291;Shovel;PAESPS;2020-06-21 21:27:59.000;2024-01-05 19:35:04.000;NULL;NULL;865;1327;442;1327;NULL;4133;1588;2020-10-30 08:44:20.000;75;NULL;NULL;NULL;NULL;1;2020-11-08 17:44:20.000;NULL;"""""";NULL;NULL;NULL;NULL;3694;NULL;NULL;NULL;NULL;NULL;NULL;NULL
292;Shovel;PA9;2020-07-09 07:57:03.000;2024-01-30 23:01:24.000;NULL;NULL;866;1572;558;1572;NULL;2440;924;2024-01-30 16:14:00.000;75;7706;NULL;35;NULL;1;NULL;1;"""""";NULL;NULL;NULL;NULL;3449;NULL;NULL;2487;NULL;NULL;NULL;NULL
293;Truck;RD0054;2020-08-17 18:10:42.000;2020-08-18 00:34:45.000;2020-08-18 00:34:45.000;NULL;867;1623;444;NULL;NULL;2742;1376;2020-08-17 22:50:43.000;230;NULL;NULL;20;NULL;2;NULL;NULL;NULL;NULL;NULL;NULL;NULL;3450;NULL;NULL;NULL;NULL;NULL;NULL;NULL
294;Shovel;EX0025;2020-08-17 18:10:43.000;2020-08-17 23:16:59.000;2020-08-17 23:16:58.000;NULL;868;1623;444;NULL;NULL;3432;1376;2020-08-17 22:52:45.000;NULL;NULL;NULL;NULL;NULL;1;NULL;NULL;NULL;NULL;NULL;NULL;NULL;NULL;NULL;NULL;NULL;NULL;NULL;NULL;NULL
295;Truck;RD8032;2020-08-17 18:10:45.000;2020-08-18 00:36:18.000;2020-08-18 00:36:18.000;NULL;869;1623;444;NULL;NULL;2742;1376;2020-08-17 22:51:36.000;230;NULL;NULL;20;NULL;2;NULL;NULL;NULL;NULL;NULL;NULL;NULL;3450;NULL;NULL;NULL;NULL;NULL;NULL;NULL
296;Shovel;EX9013;2020-08-17 18:10:45.000;2020-08-17 23:16:45.000;2020-08-17 23:16:45.000;NULL;870;1623;444;NULL;NULL;3432;1376;2020-08-17 22:52:39.000;NULL;NULL;NULL;NULL;NULL;1;NULL;NULL;NULL;NULL;NULL;NULL;NULL;NULL;NULL;NULL;NULL;NULL;NULL;NULL;NULL
297;Truck;RD8002;2020-08-17 18:10:47.000;2020-08-18 00:35:57.000;2020-08-18 00:35:57.000;NULL;871;1623;444;NULL;NULL;2742;1376;2020-08-17 22:51:26.000;230;NULL;NULL;20;NULL;2;NULL;NULL;NULL;NULL;NULL;NULL;NULL;3450;NULL;NULL;NULL;NULL;NULL;NULL;NULL
298;Truck;RD0062;2020-08-17 18:10:48.000;2020-08-18 00:35:16.000;2020-08-18 00:35:16.000;NULL;872;1623;444;NULL;NULL;2742;1376;2020-08-17 22:51:03.000;230;NULL;NULL;20;NULL;2;NULL;NULL;NULL;NULL;NULL;NULL;NULL;3450;NULL;NULL;NULL;NULL;NULL;NULL;NULL
299;Shovel;LO0041;2020-08-17 18:10:49.000;2020-08-17 23:10:55.000;2020-08-17 23:10:55.000;NULL;873;1623;444;NULL;NULL;3432;1376;2020-08-17 22:52:33.000;NULL;NULL;NULL;NULL;NULL;1;NULL;NULL;NULL;NULL;NULL;NULL;NULL;NULL;NULL;NULL;NULL;NULL;NULL;NULL;NULL
300;Truck;RD0061;2020-08-17 18:10:50.000;2020-08-18 00:35:11.000;2020-08-18 00:35:11.000;NULL;874;1623;444;NULL;NULL;2742;1376;2020-08-17 22:50:58.000;230;NULL;NULL;20;NULL;2;NULL;NULL;NULL;NULL;NULL;NULL;NULL;3450;NULL;NULL;NULL;NULL;NULL;NULL;NULL
301;Truck;RD0056;2020-08-17 18:10:51.000;2020-08-18 00:34:52.000;2020-08-18 00:34:52.000;NULL;875;1623;444;NULL;NULL;2742;1376;2020-08-17 22:50:46.000;230;NULL;NULL;20;NULL;2;NULL;NULL;NULL;NULL;NULL;NULL;NULL;3450;NULL;NULL;NULL;NULL;NULL;NULL;NULL
302;Truck;RD8027;2020-08-17 18:10:53.000;2020-08-18 00:36:06.000;2020-08-18 00:36:06.000;NULL;876;1623;444;NULL;NULL;2742;1376;2020-08-17 22:51:30.000;230;NULL;NULL;20;NULL;2;NULL;NULL;NULL;NULL;NULL;NULL;NULL;3450;NULL;NULL;NULL;NULL;NULL;NULL;NULL
303;Truck;RD8038;2020-08-17 18:10:54.000;2020-08-18 00:36:32.000;2020-08-18 00:36:32.000;NULL;877;1623;444;NULL;NULL;2742;1376;2020-08-17 22:51:45.000;230;NULL;NULL;20;NULL;2;NULL;NULL;NULL;NULL;NULL;NULL;NULL;3450;NULL;NULL;NULL;NULL;NULL;NULL;NULL
304;Truck;RD0066;2020-08-17 18:10:55.000;2020-08-18 00:35:30.000;2020-08-18 00:35:30.000;NULL;878;1623;444;NULL;NULL;2742;1376;2020-08-17 22:51:12.000;230;NULL;NULL;20;NULL;2;NULL;NULL;NULL;NULL;NULL;NULL;NULL;3450;NULL;NULL;NULL;NULL;NULL;NULL;NULL
305;Truck;RD0057;2020-08-17 18:10:56.000;2020-08-18 00:34:59.000;2020-08-18 00:34:58.000;NULL;879;1623;444;NULL;NULL;2742;1376;2020-08-17 22:50:51.000;230;NULL;NULL;20;NULL;2;NULL;NULL;NULL;NULL;NULL;NULL;NULL;3450;NULL;NULL;NULL;NULL;NULL;NULL;NULL
306;Truck;RD0069;2020-08-17 18:10:57.000;2020-08-18 00:35:44.000;2020-08-18 00:35:44.000;NULL;880;1623;444;NULL;NULL;2742;1376;2020-08-17 22:51:18.000;230;NULL;NULL;20;NULL;2;NULL;NULL;NULL;NULL;NULL;NULL;NULL;3450;NULL;NULL;NULL;NULL;NULL;NULL;NULL
307;Truck;RD0067;2020-08-17 18:10:58.000;2020-08-18 00:35:36.000;2020-08-18 00:35:36.000;NULL;881;1623;444;NULL;NULL;2742;1376;2020-08-17 22:51:15.000;230;NULL;NULL;20;NULL;2;NULL;NULL;NULL;NULL;NULL;NULL;NULL;3450;NULL;NULL;NULL;NULL;NULL;NULL;NULL
308;Truck;RD0072;2020-08-17 18:10:59.000;2020-08-18 00:35:49.000;2020-08-18 00:35:49.000;NULL;882;1623;444;NULL;NULL;2742;1376;2020-08-17 22:51:22.000;230;NULL;NULL;20;NULL;2;NULL;NULL;NULL;NULL;NULL;NULL;NULL;3450;NULL;NULL;NULL;NULL;NULL;NULL;NULL
309;Truck;RD0063;2020-08-17 18:11:00.000;2020-08-18 00:35:22.000;2020-08-18 00:35:22.000;NULL;883;1623;444;NULL;NULL;2742;1376;2020-08-17 22:51:09.000;230;NULL;NULL;20;NULL;2;NULL;NULL;NULL;NULL;NULL;NULL;NULL;3450;NULL;NULL;NULL;NULL;NULL;NULL;NULL
310;Truck;RD0058;2020-08-17 18:11:02.000;2020-08-18 00:35:05.000;2020-08-18 00:35:05.000;NULL;884;1623;444;NULL;NULL;2742;1376;2020-08-17 22:50:55.000;230;NULL;NULL;20;NULL;2;NULL;NULL;NULL;NULL;NULL;NULL;NULL;3450;NULL;NULL;NULL;NULL;NULL;NULL;NULL
311;Truck;RD8028;2020-08-17 18:11:03.000;2020-08-18 00:36:13.000;2020-08-18 00:36:12.000;NULL;885;1623;444;NULL;NULL;2742;1376;2020-08-17 22:51:33.000;230;NULL;NULL;20;NULL;2;NULL;NULL;NULL;NULL;NULL;NULL;NULL;3450;NULL;NULL;NULL;NULL;NULL;NULL;NULL
312;Shovel;LO0042;2020-08-17 18:11:03.000;2020-08-17 23:11:02.000;2020-08-17 23:11:02.000;NULL;886;1623;444;NULL;NULL;3432;1376;2020-08-17 22:52:36.000;NULL;NULL;NULL;NULL;NULL;1;NULL;NULL;NULL;NULL;NULL;NULL;NULL;NULL;NULL;NULL;NULL;NULL;NULL;NULL;NULL
313;Truck;RD0053;2020-08-17 18:11:05.000;2020-08-18 00:34:39.000;2020-08-18 00:34:39.000;NULL;887;1623;444;NULL;NULL;2742;1376;2020-08-17 22:50:37.000;230;NULL;NULL;NULL;NULL;2;NULL;NULL;NULL;NULL;NULL;NULL;NULL;3450;NULL;NULL;NULL;NULL;NULL;NULL;NULL
314;Shovel;EX9015;2020-08-17 18:12:10.000;2020-08-17 23:16:52.000;2020-08-17 23:16:52.000;NULL;888;1623;444;NULL;NULL;3432;1376;2020-08-17 22:52:29.000;NULL;NULL;NULL;NULL;NULL;1;NULL;NULL;NULL;NULL;NULL;NULL;NULL;NULL;NULL;NULL;NULL;NULL;NULL;NULL;NULL
315;Truck;RD8035;2020-08-17 22:30:03.000;2020-08-18 00:36:24.000;2020-08-18 00:36:24.000;NULL;889;1623;444;NULL;NULL;2742;1376;2020-08-17 22:51:42.000;230;NULL;NULL;20;NULL;2;NULL;NULL;NULL;NULL;NULL;NULL;NULL;3450;NULL;NULL;NULL;NULL;NULL;NULL;NULL
316;Drill;PE25;2020-10-12 02:26:49.000;2022-03-29 09:44:57.000;NULL;NULL;892;1623;444;1623;NULL;2132;1376;2022-02-27 21:15:43.000;NULL;NULL;NULL;NULL;NULL;3;NULL;NULL;"""""";NULL;NULL;NULL;NULL;3449;NULL;NULL;NULL;NULL;NULL;NULL;NULL
317;Truck;C20112ESPS;2021-04-04 22:20:10.000;2022-04-21 19:46:09.000;NULL;NULL;895;1623;444;1623;NULL;4255;1376;2021-06-08 21:27:05.000;290;NULL;NULL;NULL;NULL;2;NULL;NULL;NULL;NULL;NULL;NULL;NULL;3694;NULL;NULL;NULL;NULL;NULL;NULL;NULL
318;Shovel;PA10;2021-04-07 16:50:51.000;2023-12-31 08:22:23.000;NULL;NULL;896;1623;444;1623;NULL;2440;1588;2023-06-14 21:36:51.000;75;NULL;NULL;35;NULL;1;2023-06-14 21:42:33.000;1;"""""";NULL;NULL;NULL;NULL;4509;NULL;NULL;2487;NULL;NULL;NULL;NULL
319;Truck;C20117ESPS;2021-05-30 16:36:07.000;2022-03-20 21:11:48.000;NULL;NULL;897;1623;444;1623;NULL;4268;1376;2021-06-08 21:27:27.000;180;NULL;NULL;NULL;NULL;2;NULL;NULL;NULL;NULL;NULL;NULL;NULL;NULL;NULL;NULL;NULL;NULL;NULL;NULL;NULL
320;Drill;PE64SE;2021-07-03 16:54:24.000;2021-07-08 15:53:22.000;2021-07-08 15:53:22.000;NULL;901;NULL;NULL;NULL;NULL;1775;NULL;NULL;NULL;NULL;NULL;NULL;NULL;3;NULL;NULL;NULL;NULL;NULL;NULL;NULL;4274;NULL;NULL;NULL;NULL;NULL;NULL;NULL
321;Drill;PE5SE;2021-07-03 17:07:11.000;2023-12-15 21:20:38.000;NULL;NULL;902;1572;340;1572;NULL;4289;1627;2023-04-22 15:38:47.000;79;NULL;NULL;11;NULL;3;NULL;NULL;"""""";NULL;NULL;NULL;NULL;4274;NULL;NULL;NULL;NULL;NULL;NULL;NULL
322;Dozer;TO9;2021-07-05 20:55:57.000;2022-10-22 11:18:21.000;NULL;NULL;903;1623;444;1623;NULL;2288;1376;2022-09-22 13:38:28.000;NULL;NULL;NULL;NULL;NULL;31;NULL;NULL;995;NULL;NULL;NULL;NULL;3449;NULL;NULL;2487;NULL;NULL;NULL;NULL
323;Dozer;TO10;2021-07-05 20:57:50.000;2024-01-14 11:18:26.000;NULL;NULL;904;1623;444;1623;NULL;2288;1376;2021-09-02 15:09:21.000;NULL;NULL;NULL;NULL;NULL;31;NULL;NULL;"""""";NULL;NULL;NULL;NULL;3449;NULL;NULL;2487;NULL;NULL;NULL;NULL
324;WaterTruck;CR8;2021-07-05 20:59:22.000;2023-01-25 06:29:36.000;NULL;NULL;905;1623;444;1623;NULL;1186;1376;2021-09-22 13:46:52.000;NULL;NULL;NULL;NULL;NULL;29;NULL;NULL;"""""";NULL;NULL;NULL;NULL;3449;NULL;NULL;NULL;NULL;NULL;NULL;NULL
325;Grader;MT10;2021-07-05 21:01:25.000;2022-10-04 09:10:14.000;NULL;NULL;906;1623;444;1623;NULL;1125;1376;2021-09-28 21:26:06.000;NULL;NULL;NULL;NULL;NULL;22;NULL;1;"""""";NULL;NULL;NULL;NULL;3449;NULL;NULL;NULL;NULL;NULL;NULL;NULL
326;Drill;PE6SE;2021-07-08 17:11:08.000;2023-01-11 21:24:09.000;NULL;NULL;907;1193;351;1193;NULL;4289;1376;2023-01-04 12:53:35.000;79;NULL;NULL;11;NULL;3;NULL;NULL;"""""";NULL;NULL;NULL;NULL;4274;NULL;NULL;NULL;NULL;NULL;NULL;NULL
327;Truck;C930OXE;2021-07-13 16:56:13.000;2021-09-25 16:02:32.000;NULL;NULL;909;1623;444;1623;NULL;4290;1376;2021-07-27 15:26:11.000;290;NULL;NULL;20;NULL;2;NULL;NULL;NULL;NULL;NULL;NULL;NULL;NULL;NULL;NULL;2487;NULL;NULL;NULL;NULL
328;Truck;C730OXE;2021-07-13 17:05:27.000;2021-07-29 10:50:22.000;NULL;NULL;910;1623;444;1623;NULL;4291;1376;2021-07-27 15:22:08.000;180;NULL;NULL;20;NULL;2;NULL;NULL;NULL;NULL;NULL;NULL;NULL;NULL;NULL;NULL;NULL;NULL;NULL;NULL;NULL
329;Shovel;PA11;2021-08-06 22:34:16.000;2024-01-17 04:48:22.000;NULL;NULL;911;1623;444;1623;NULL;4311;1376;2023-09-06 23:40:04.000;100;NULL;NULL;45;NULL;1;NULL;NULL;"""""";NULL;NULL;NULL;NULL;4509;NULL;NULL;2487;NULL;NULL;NULL;NULL
330;Truck;C789ESPS;2021-09-25 15:42:37.000;2021-09-25 15:50:46.000;2021-09-25 15:50:46.000;NULL;10;NULL;NULL;NULL;NULL;4315;NULL;NULL;180;NULL;NULL;20;NULL;2;NULL;NULL;NULL;NULL;NULL;NULL;NULL;3449;NULL;NULL;NULL;NULL;NULL;NULL;NULL
331;Truck;C789ESPS;2021-09-25 15:55:13.000;2022-06-27 11:33:18.000;NULL;NULL;912;1623;444;1623;NULL;4315;1376;2021-09-25 16:13:37.000;180;NULL;NULL;NULL;NULL;2;NULL;NULL;NULL;NULL;NULL;NULL;NULL;NULL;NULL;NULL;2487;NULL;NULL;NULL;NULL
332;Truck;C980AHSESPS;2021-09-25 15:59:43.000;2023-03-12 08:26:55.000;NULL;NULL;913;1623;444;1623;NULL;4316;1376;2021-09-25 16:14:14.000;360;NULL;NULL;NULL;NULL;2;NULL;NULL;NULL;NULL;NULL;NULL;NULL;NULL;NULL;NULL;2487;NULL;NULL;NULL;NULL
333;Truck;C789OXE;2021-09-25 16:02:01.000;2022-01-08 02:18:48.000;NULL;NULL;914;1623;444;1623;NULL;4317;1376;2021-09-25 16:14:07.000;180;NULL;NULL;NULL;NULL;2;NULL;NULL;NULL;NULL;NULL;NULL;NULL;NULL;NULL;NULL;2487;NULL;NULL;NULL;NULL
334;Drill;PE53;2022-05-07 13:55:29.000;2024-01-30 18:25:51.000;NULL;NULL;915;1327;442;1572;NULL;2132;1627;2024-01-30 18:11:16.000;NULL;NULL;NULL;NULL;NULL;3;NULL;NULL;"""""";NULL;NULL;NULL;NULL;NULL;NULL;NULL;NULL;NULL;NULL;NULL;NULL
335;Truck;C702;2022-07-26 14:04:24.000;2023-09-07 15:22:11.000;NULL;NULL;917;1623;444;1623;NULL;4409;1376;2022-11-08 11:23:09.000;212;NULL;NULL;23;NULL;2;NULL;NULL;1020;NULL;NULL;NULL;NULL;3450;NULL;NULL;2487;NULL;NULL;NULL;NULL
336;Truck;C700;2022-07-27 15:28:49.000;2022-12-05 09:23:00.000;NULL;NULL;918;1623;444;1623;NULL;4409;1376;2022-11-07 09:56:21.000;212;NULL;NULL;23;NULL;2;NULL;NULL;"""""";NULL;NULL;NULL;NULL;3450;NULL;NULL;2487;NULL;NULL;NULL;NULL
337;Truck;C701;2022-07-27 15:30:04.000;2022-12-05 09:23:00.000;NULL;NULL;920;1623;444;1623;NULL;4409;1376;2022-11-09 04:12:35.000;212;NULL;NULL;23;NULL;2;NULL;NULL;1052,1020;NULL;NULL;NULL;NULL;3450;NULL;NULL;2487;NULL;NULL;NULL;NULL
338;Truck;C703;2022-07-27 15:31:51.000;2023-09-07 15:38:09.000;NULL;NULL;921;1623;444;1623;NULL;4409;1376;2022-11-09 06:54:45.000;212;NULL;NULL;23;NULL;2;NULL;NULL;1020;NULL;NULL;NULL;NULL;3450;NULL;NULL;2487;NULL;NULL;NULL;NULL
339;Truck;C704;2022-07-27 15:33:51.000;2022-12-05 09:23:00.000;NULL;NULL;922;1623;444;1623;NULL;4409;1376;2022-11-11 04:43:20.000;212;NULL;NULL;23;NULL;2;NULL;NULL;"""""";NULL;NULL;NULL;NULL;3450;NULL;NULL;2487;NULL;NULL;NULL;NULL
340;Manbus;BUS01;2022-09-15 18:54:25.000;2022-10-28 14:22:38.000;NULL;NULL;924;NULL;NULL;NULL;NULL;4412;NULL;NULL;NULL;NULL;NULL;NULL;NULL;NULL;NULL;NULL;NULL;NULL;NULL;NULL;NULL;4411;NULL;NULL;NULL;NULL;NULL;NULL;NULL
341;Manbus;BUS02;2022-09-15 18:58:34.000;2022-09-15 18:59:15.000;NULL;NULL;925;NULL;NULL;NULL;NULL;4412;NULL;NULL;NULL;NULL;NULL;NULL;NULL;NULL;NULL;NULL;NULL;NULL;NULL;NULL;NULL;4411;NULL;NULL;NULL;NULL;NULL;NULL;NULL
342;Manbus;BUS03;2022-09-15 18:59:06.000;2022-10-30 09:30:18.000;NULL;NULL;926;NULL;NULL;NULL;NULL;4412;NULL;NULL;NULL;NULL;NULL;NULL;NULL;NULL;NULL;NULL;NULL;NULL;NULL;NULL;NULL;4411;NULL;NULL;NULL;NULL;NULL;NULL;NULL
343;Manbus;BUS04;2022-09-15 19:00:02.000;2022-09-15 19:01:07.000;NULL;NULL;927;NULL;NULL;NULL;NULL;4412;NULL;NULL;NULL;NULL;NULL;NULL;NULL;NULL;NULL;NULL;NULL;NULL;NULL;NULL;NULL;4411;NULL;NULL;NULL;NULL;NULL;NULL;NULL
344;Manbus;BUS05;2022-09-15 19:01:03.000;2022-09-15 19:01:44.000;NULL;NULL;928;NULL;NULL;NULL;NULL;4412;NULL;NULL;NULL;NULL;NULL;NULL;NULL;NULL;NULL;NULL;NULL;NULL;NULL;NULL;NULL;4411;NULL;NULL;NULL;NULL;NULL;NULL;NULL
345;Manbus;BUS06;2022-09-15 19:01:21.000;2022-09-15 19:02:02.000;NULL;NULL;929;NULL;NULL;NULL;NULL;4412;NULL;NULL;NULL;NULL;NULL;NULL;NULL;NULL;NULL;NULL;NULL;NULL;NULL;NULL;NULL;4411;NULL;NULL;NULL;NULL;NULL;NULL;NULL
346;Manbus;BUS07;2022-09-15 19:01:41.000;2022-09-15 19:02:22.000;NULL;NULL;930;NULL;NULL;NULL;NULL;4412;NULL;NULL;NULL;NULL;NULL;NULL;NULL;NULL;NULL;NULL;NULL;NULL;NULL;NULL;NULL;4411;NULL;NULL;NULL;NULL;NULL;NULL;NULL
347;Manbus;BUS08;2022-09-15 19:02:00.000;2022-09-15 19:02:41.000;NULL;NULL;931;NULL;NULL;NULL;NULL;4412;NULL;NULL;NULL;NULL;NULL;NULL;NULL;NULL;NULL;NULL;NULL;NULL;NULL;NULL;NULL;4411;NULL;NULL;NULL;NULL;NULL;NULL;NULL
348;Truck;C212;2022-10-24 16:02:38.000;2023-03-08 14:09:24.000;2023-03-08 14:09:24.000;NULL;935;1623;444;1327;NULL;4421;1376;2023-02-20 12:18:19.000;360;NULL;NULL;24;NULL;2;NULL;NULL;"""""";NULL;NULL;NULL;NULL;NULL;NULL;NULL;2487;NULL;NULL;NULL;1226
349;Truck;C213;2022-10-24 16:05:06.000;2023-03-08 14:09:32.000;2023-03-08 14:09:32.000;NULL;936;1623;444;1327;NULL;4421;1376;2023-02-21 08:16:24.000;360;NULL;NULL;24;NULL;2;NULL;NULL;995;NULL;NULL;NULL;NULL;NULL;NULL;NULL;2487;NULL;NULL;NULL;NULL
350;Truck;C214;2022-10-24 19:13:08.000;2023-03-19 14:42:06.000;NULL;NULL;937;1623;444;1623;NULL;4421;1376;2023-03-17 01:51:53.000;360;NULL;NULL;24;NULL;2;NULL;NULL;"""""";NULL;NULL;NULL;NULL;NULL;NULL;NULL;2487;NULL;NULL;NULL;NULL
351;Truck;C215;2022-10-24 19:13:32.000;2023-05-12 20:44:01.000;NULL;NULL;938;1623;444;1623;NULL;4421;1376;2023-03-20 04:30:57.000;360;NULL;NULL;24;NULL;2;NULL;NULL;995;NULL;NULL;NULL;NULL;NULL;NULL;NULL;2487;NULL;NULL;NULL;NULL
352;Truck;C216;2022-10-24 19:13:50.000;2023-04-30 22:39:58.000;NULL;NULL;939;1623;444;1623;NULL;4421;1376;2023-04-02 06:28:37.000;360;NULL;NULL;24;NULL;2;NULL;NULL;"""""";NULL;NULL;NULL;NULL;NULL;NULL;NULL;2487;NULL;NULL;NULL;NULL
353;Truck;C217;2022-10-24 19:14:10.000;2023-07-16 10:47:42.000;NULL;NULL;940;1623;444;1623;NULL;4421;1376;2023-04-10 13:09:37.000;360;NULL;NULL;24;NULL;2;NULL;NULL;995;NULL;NULL;NULL;NULL;NULL;NULL;NULL;2487;NULL;NULL;NULL;NULL
354;Truck;C980OXE;2022-12-12 02:36:13.000;2023-03-07 19:42:07.000;NULL;NULL;942;NULL;NULL;NULL;NULL;4437;NULL;NULL;360;NULL;NULL;NULL;NULL;2;NULL;NULL;NULL;NULL;NULL;NULL;NULL;NULL;NULL;NULL;2487;NULL;NULL;NULL;NULL
355;Truck;C793OXE;2022-12-12 09:24:23.000;2023-11-02 09:33:41.000;NULL;NULL;943;NULL;NULL;NULL;NULL;4397;NULL;NULL;220;NULL;NULL;NULL;NULL;2;NULL;NULL;NULL;NULL;NULL;NULL;NULL;NULL;NULL;NULL;NULL;NULL;NULL;NULL;NULL
356;AuxEquipment;EN9802;2023-02-25 14:44:03.000;2024-01-29 11:39:34.000;NULL;NULL;944;1572;352;1572;NULL;2444;1376;2024-01-26 21:15:17.000;NULL;NULL;NULL;NULL;NULL;NULL;NULL;NULL;"""""";NULL;NULL;NULL;NULL;3449;NULL;NULL;NULL;NULL;NULL;NULL;NULL
357;Truck;CA201;2023-03-07 11:48:42.000;2023-03-07 19:48:31.000;NULL;NULL;947;NULL;NULL;NULL;NULL;4508;NULL;NULL;360;NULL;NULL;24;NULL;2;NULL;NULL;NULL;NULL;NULL;NULL;NULL;4509;NULL;NULL;2487;NULL;NULL;NULL;NULL
358;Truck;CA202;2023-03-07 19:36:25.000;2023-11-18 10:40:27.000;NULL;NULL;948;1623;444;1623;NULL;4508;1376;2023-10-30 06:31:34.000;360;NULL;NULL;24;NULL;2;NULL;NULL;NULL;NULL;NULL;NULL;NULL;4509;NULL;NULL;2487;NULL;NULL;NULL;NULL
359;Truck;CA203;2023-03-07 19:37:26.000;2023-07-01 19:50:06.000;NULL;NULL;949;NULL;NULL;NULL;NULL;4508;NULL;NULL;360;NULL;NULL;24;NULL;2;NULL;NULL;NULL;NULL;NULL;NULL;NULL;4509;NULL;NULL;2487;NULL;NULL;NULL;NULL
360;Truck;CA205;2023-03-07 19:37:58.000;2023-03-22 00:36:49.000;NULL;NULL;950;NULL;NULL;NULL;NULL;4508;NULL;NULL;360;NULL;NULL;24;NULL;2;NULL;NULL;NULL;NULL;NULL;NULL;NULL;4509;NULL;NULL;2487;NULL;NULL;NULL;NULL
361;Truck;CA204;2023-03-07 19:39:36.000;2023-10-29 00:09:01.000;NULL;NULL;951;NULL;NULL;NULL;NULL;4508;NULL;NULL;360;NULL;NULL;24;NULL;2;NULL;NULL;NULL;NULL;NULL;NULL;NULL;4509;NULL;NULL;2487;NULL;NULL;NULL;NULL
362;Truck;CA206;2023-03-07 19:43:48.000;2023-07-29 09:47:27.000;NULL;NULL;952;NULL;NULL;NULL;NULL;4508;NULL;NULL;360;NULL;NULL;24;NULL;2;NULL;NULL;NULL;NULL;NULL;NULL;NULL;4509;NULL;NULL;2487;NULL;NULL;NULL;NULL
363;Truck;CA207;2023-03-07 19:44:05.000;2023-03-07 19:48:54.000;NULL;NULL;953;NULL;NULL;NULL;NULL;4508;NULL;NULL;360;NULL;NULL;24;NULL;2;NULL;NULL;NULL;NULL;NULL;NULL;NULL;4509;NULL;NULL;2487;NULL;NULL;NULL;NULL
364;Truck;CA208;2023-03-07 19:44:24.000;2023-08-16 13:33:15.000;NULL;NULL;954;NULL;NULL;NULL;NULL;4508;NULL;NULL;360;NULL;NULL;24;NULL;2;NULL;NULL;NULL;NULL;NULL;NULL;NULL;4509;NULL;NULL;2487;NULL;NULL;NULL;NULL
365;Truck;CA209;2023-03-07 19:44:39.000;2024-01-28 02:17:19.000;NULL;NULL;955;NULL;NULL;NULL;NULL;4508;NULL;NULL;360;NULL;NULL;24;NULL;2;NULL;NULL;NULL;NULL;NULL;NULL;NULL;4509;NULL;NULL;2487;NULL;NULL;NULL;NULL
366;Truck;CA210;2023-03-07 19:44:54.000;2023-04-10 11:19:08.000;NULL;NULL;956;NULL;NULL;NULL;NULL;4508;NULL;NULL;360;NULL;NULL;24;NULL;2;NULL;NULL;NULL;NULL;NULL;NULL;NULL;4509;NULL;NULL;2487;NULL;NULL;NULL;NULL
367;Truck;CA211;2023-03-07 19:45:10.000;2023-03-07 19:49:19.000;NULL;NULL;957;NULL;NULL;NULL;NULL;4508;NULL;NULL;360;NULL;NULL;24;NULL;2;NULL;NULL;NULL;NULL;NULL;NULL;NULL;4509;NULL;NULL;2487;NULL;NULL;NULL;NULL
368;AuxEquipment;EN9801;2023-04-02 19:33:44.000;2024-01-28 14:09:20.000;NULL;NULL;958;1327;442;1327;NULL;2444;1105;2024-01-26 12:13:04.000;NULL;NULL;NULL;NULL;NULL;NULL;2024-01-26 12:13:04.000;NULL;995;NULL;NULL;NULL;NULL;3449;NULL;NULL;NULL;NULL;NULL;NULL;NULL
369;Loader;CF04;2023-04-05 20:13:41.000;2024-01-07 12:09:07.000;NULL;NULL;959;1623;332;1623;NULL;2289;1376;2024-01-07 12:09:06.000;NULL;NULL;NULL;NULL;NULL;1;NULL;NULL;"""""";NULL;NULL;NULL;NULL;4509;NULL;NULL;NULL;NULL;NULL;NULL;NULL
371;Shovel;PA_TEPSAC;2023-07-13 20:44:06.000;2024-01-25 21:40:48.000;NULL;NULL;961;1623;444;1623;NULL;2440;1376;2024-01-05 19:33:45.000;75;NULL;NULL;35;NULL;1;NULL;NULL;NULL;NULL;NULL;NULL;NULL;3694;NULL;NULL;NULL;NULL;NULL;NULL;NULL
372;Truck;CA212;2023-07-13 21:03:02.000;2023-07-13 21:09:03.000;NULL;NULL;933;NULL;NULL;NULL;NULL;4508;NULL;NULL;360;NULL;NULL;24;NULL;2;NULL;NULL;NULL;NULL;NULL;NULL;NULL;4509;NULL;NULL;2487;NULL;NULL;NULL;NULL
373;Truck;CA213;2023-07-13 21:03:48.000;2023-07-13 21:09:11.000;NULL;NULL;934;NULL;NULL;NULL;NULL;4508;NULL;NULL;360;NULL;NULL;24;NULL;2;NULL;NULL;NULL;NULL;NULL;NULL;NULL;4509;NULL;NULL;2487;NULL;NULL;NULL;NULL
374;Truck;CA214;2023-07-13 21:06:47.000;2023-07-13 21:09:25.000;NULL;NULL;964;NULL;NULL;NULL;NULL;4508;NULL;NULL;360;NULL;NULL;24;NULL;2;NULL;NULL;NULL;NULL;NULL;NULL;NULL;4509;NULL;NULL;2487;NULL;NULL;NULL;NULL
375;Truck;CA215;2023-07-13 21:10:52.000;2023-11-18 10:40:27.000;NULL;NULL;965;1623;444;1623;NULL;4508;1376;2023-10-27 07:40:11.000;360;NULL;NULL;24;NULL;2;NULL;NULL;NULL;NULL;NULL;NULL;NULL;NULL;NULL;NULL;2487;NULL;NULL;NULL;NULL
376;Truck;CA216;2023-07-13 21:12:29.000;2023-11-17 12:12:19.000;NULL;NULL;967;NULL;NULL;NULL;NULL;4508;NULL;NULL;360;NULL;NULL;24;NULL;2;NULL;NULL;NULL;NULL;NULL;NULL;NULL;4509;NULL;NULL;2487;NULL;NULL;NULL;NULL
377;Truck;CA217;2023-07-13 21:13:01.000;2023-07-13 21:13:01.000;NULL;NULL;966;NULL;NULL;NULL;NULL;4508;NULL;NULL;360;NULL;NULL;24;NULL;2;NULL;NULL;NULL;NULL;NULL;NULL;NULL;4509;NULL;NULL;2487;NULL;NULL;NULL;NULL
378;Truck;C195;2023-07-18 21:59:21.000;2023-10-31 18:16:17.000;NULL;NULL;969;1623;444;1623;NULL;4421;1376;2023-09-16 16:07:30.000;360;NULL;NULL;24;NULL;2;NULL;NULL;"""""";NULL;NULL;NULL;NULL;3449;NULL;NULL;NULL;NULL;NULL;NULL;NULL
379;Truck;C196;2023-07-18 22:00:11.000;2023-11-08 14:17:57.000;NULL;NULL;970;1623;444;1623;NULL;4421;1376;2023-10-02 14:57:29.000;360;NULL;NULL;24;NULL;2;NULL;NULL;"""""";NULL;NULL;NULL;NULL;NULL;NULL;NULL;NULL;NULL;NULL;NULL;NULL
380;Truck;C197;2023-07-18 22:00:49.000;2023-12-15 21:20:38.000;NULL;NULL;968;1623;444;1623;NULL;4421;1376;2023-11-25 11:19:28.000;360;NULL;NULL;24;NULL;2;NULL;NULL;"""""";NULL;NULL;NULL;NULL;NULL;NULL;NULL;NULL;NULL;NULL;NULL;NULL
381;Truck;C115;2023-09-23 03:17:32.000;2024-01-25 21:40:48.000;NULL;NULL;972;1623;444;1623;NULL;4421;1376;2023-12-24 11:51:46.000;360;NULL;NULL;24;NULL;2;NULL;NULL;1020;NULL;NULL;NULL;NULL;NULL;NULL;NULL;NULL;NULL;NULL;NULL;NULL
382;Truck;C117;2023-09-24 01:40:51.000;2024-01-22 11:48:26.000;NULL;NULL;974;1623;444;1623;NULL;4421;1376;2024-01-22 11:48:25.000;360;NULL;NULL;24;NULL;2;NULL;NULL;"""""";NULL;NULL;NULL;NULL;NULL;NULL;NULL;NULL;NULL;NULL;NULL;NULL
383;Truck;C114;2023-09-29 11:26:14.000;2024-01-25 21:40:48.000;NULL;NULL;975;1623;444;1623;NULL;4421;1376;2023-12-31 23:15:32.000;360;NULL;NULL;24;NULL;2;NULL;NULL;1020;NULL;NULL;NULL;NULL;NULL;NULL;NULL;NULL;NULL;NULL;NULL;NULL
384;Truck;C198;2023-09-29 11:27:34.000;2023-11-19 21:54:12.000;NULL;NULL;976;1623;444;1623;NULL;4421;1376;2023-10-31 13:38:55.000;360;NULL;NULL;24;NULL;2;NULL;1;1020;NULL;NULL;NULL;NULL;NULL;NULL;NULL;NULL;NULL;NULL;NULL;NULL
